,fips,county,st,pred_diff
15,01001,Autauga,AL,-7.8
31,01003,Baldwin,AL,0.6
47,01005,Barbour,AL,-4.6
63,01007,Bibb,AL,5.6
79,01009,Blount,AL,-1.2
95,01011,Bullock,AL,0.6
111,01013,Butler,AL,-9.2
127,01015,Calhoun,AL,-3.6
143,01017,Chambers,AL,-0.8
159,01019,Cherokee,AL,-1.4
175,01021,Chilton,AL,0.2
191,01023,Choctaw,AL,-3.0
207,16025,Camas,ID,1.0
223,01025,Clarke,AL,-6.6
239,01027,Clay,AL,-4.8
255,01029,Cleburne,AL,-3.4
271,01031,Coffee,AL,-7.0
287,01033,Colbert,AL,-10.4
303,01035,Conecuh,AL,-1.8
319,01037,Coosa,AL,-0.2
335,01039,Covington,AL,-7.2
351,01041,Crenshaw,AL,2.2
367,01043,Cullman,AL,-3.2
383,01045,Dale,AL,-4.4
399,01047,Dallas,AL,-0.4
415,01049,Dekalb,AL,-2.2
431,01051,Elmore,AL,-7.0
447,01053,Escambia,AL,3.0
463,01055,Etowah,AL,0.2
479,01057,Fayette,AL,1.0
495,01059,Franklin,AL,-2.0
511,01061,Geneva,AL,-1.4
527,01063,Greene,AL,-5.8
543,01065,Hale,AL,-14.0
559,01067,Henry,AL,-3.2
575,01069,Houston,AL,-0.8
591,01071,Jackson,AL,-4.4
607,01073,Jefferson,AL,-2.8
623,01075,Lamar,AL,-5.4
639,01077,Lauderdale,AL,-4.8
655,01079,Lawrence,AL,1.6
671,01081,Lee,AL,-7.6
687,01083,Limestone,AL,-2.2
703,01085,Lowndes,AL,-6.2
719,01087,Macon,AL,-1.4
735,01089,Madison,AL,-10.2
751,01091,Marengo,AL,-4.0
767,01093,Marion,AL,-10.8
783,01095,Marshall,AL,-6.6
799,01097,Mobile,AL,0.2
815,01099,Monroe,AL,-0.8
831,01101,Montgomery,AL,-6.6
847,01103,Morgan,AL,-0.6
863,01105,Perry,AL,0.8
879,01107,Pickens,AL,-0.6
895,01109,Pike,AL,-1.8
911,01111,Randolph,AL,2.2
927,01113,Russell,AL,1.8
943,01115,St Clair,AL,1.0
959,01117,Shelby,AL,0.6
975,01119,Sumter,AL,-3.8
991,01121,Talladega,AL,-0.2
1007,01123,Tallapoosa,AL,-3.4
1023,01125,Tuscaloosa,AL,1.2
1039,01127,Walker,AL,0.2
1055,01129,Washington,AL,-5.6
1071,01131,Wilcox,AL,-1.2
1087,01133,Winston,AL,-2.8
1103,02013,Aleutians East,AK,7.6
1119,02016,Aleutians West Census Area,AK,5.4
1135,02020,Anchorage,AK,6.6
1151,02050,Bethel Census Area,AK,-1.4
1167,02060,Bristol Bay,AK,2.8
1179,02068,Denali,AK,-3.2
1195,02070,Dillingham Census Area,AK,6.4
1211,02090,Fairbanks North Star,AK,0.0
1227,02100,Haines,AK,13.6
1243,02110,Juneau,AK,-1.0
1259,02122,Kenai Peninsula,AK,0.6
1275,02130,Ketchikan Gateway,AK,-0.6
1291,02150,Kodiak Island,AK,9.6
1307,02164,Lake And Peninsula,AK,-8.8
1323,02170,Matanuska-Susitna,AK,8.4
1339,02180,Nome Census Area,AK,3.4
1355,02185,North Slope,AK,-8.4
1371,02188,Northwest Arctic,AK,-8.4
1403,02220,Sitka,AK,3.0
1435,02240,Southeast Fairbanks Census Area,AK,-7.2
1451,02261,Valdez-Cordova Census Area,AK,2.0
1467,02270,Wade Hampton Census Area,AK,-8.8
1515,02290,Yukon-Koyukuk Census Area,AK,12.0
1531,04001,Apache,AZ,-2.0
1547,04003,Cochise,AZ,5.0
1563,04005,Coconino,AZ,0.2
1579,04007,Gila,AZ,1.6
1595,04009,Graham,AZ,5.2
1611,04011,Greenlee,AZ,10.6
1627,04012,La Paz,AZ,0.0
1643,04013,Maricopa,AZ,2.6
1659,04015,Mohave,AZ,3.0
1675,04017,Navajo,AZ,7.2
1691,04019,Pima,AZ,2.8
1707,04021,Pinal,AZ,7.2
1723,04023,Santa Cruz,AZ,3.0
1739,04025,Yavapai,AZ,2.0
1755,04027,Yuma,AZ,1.4
1771,05001,Arkansas,AR,-3.6
1787,05003,Ashley,AR,5.8
1803,05005,Baxter,AR,3.2
1819,05007,Benton,AR,-0.8
1835,05009,Boone,AR,-2.4
1851,05011,Bradley,AR,1.4
1867,05013,Calhoun,AR,1.6
1883,05015,Carroll,AR,5.4
1899,05017,Chicot,AR,0.2
1915,05019,Clark,AR,-5.2
1931,05021,Clay,AR,-1.8
1947,05023,Cleburne,AR,4.8
1963,05025,Cleveland,AR,-3.8
1979,05027,Columbia,AR,-1.6
1995,05029,Conway,AR,7.6
2011,05031,Craighead,AR,2.4
2027,05033,Crawford,AR,3.4
2043,05035,Crittenden,AR,-2.4
2059,05037,Cross,AR,6.8
2075,05039,Dallas,AR,-7.4
2091,05041,Desha,AR,5.4
2107,05043,Drew,AR,5.6
2123,05045,Faulkner,AR,1.6
2139,05047,Franklin,AR,10.4
2155,05049,Fulton,AR,7.6
2171,05051,Garland,AR,8.8
2187,05053,Grant,AR,1.0
2203,05055,Greene,AR,1.0
2219,05057,Hempstead,AR,-4.8
2235,05059,Hot Spring,AR,-0.8
2251,05061,Howard,AR,-4.4
2267,05063,Independence,AR,-5.2
2283,05065,Izard,AR,7.4
2299,05067,Jackson,AR,1.2
2315,05069,Jefferson,AR,-2.2
2331,05071,Johnson,AR,-0.4
2347,05073,Lafayette,AR,-1.4
2363,05075,Lawrence,AR,1.6
2379,05077,Lee,AR,2.4
2395,05079,Lincoln,AR,-1.4
2411,05081,Little River,AR,1.8
2427,05083,Logan,AR,8.2
2443,05085,Lonoke,AR,1.0
2459,05087,Madison,AR,-6.6
2475,05089,Marion,AR,9.0
2491,05091,Miller,AR,-5.6
2507,05093,Mississippi,AR,-5.2
2523,05095,Monroe,AR,2.4
2539,05097,Montgomery,AR,-2.4
2555,05099,Nevada,AR,1.2
2571,05101,Newton,AR,2.2
2587,05103,Ouachita,AR,-0.8
2603,05105,Perry,AR,1.2
2619,05107,Phillips,AR,-3.2
2635,05109,Pike,AR,0.6
2651,05111,Poinsett,AR,2.6
2667,05113,Polk,AR,4.6
2683,05115,Pope,AR,-0.6
2699,05117,Prairie,AR,-1.8
2715,05119,Pulaski,AR,0.0
2731,05121,Randolph,AR,5.0
2747,05123,St Francis,AR,-3.0
2763,05125,Saline,AR,2.8
2779,05127,Scott,AR,8.2
2795,05129,Searcy,AR,11.2
2811,05131,Sebastian,AR,3.2
2827,05133,Sevier,AR,-2.6
2843,05135,Sharp,AR,6.4
2859,05137,Stone,AR,4.0
2875,05139,Union,AR,1.4
2891,05141,Van Buren,AR,2.6
2907,05143,Washington,AR,-5.4
2923,05145,White,AR,-4.0
2939,05147,Woodruff,AR,8.2
2955,05149,Yell,AR,3.2
2971,06001,Alameda,CA,0.0
2987,06003,Alpine,CA,-9.2
3003,06005,Amador,CA,2.0
3019,06007,Butte,CA,3.2
3035,06009,Calaveras,CA,0.0
3051,06011,Colusa,CA,-0.2
3067,06013,Contra Costa,CA,-0.8
3083,06015,Del Norte,CA,0.0
3099,06017,El Dorado,CA,4.4
3115,06019,Fresno,CA,0.2
3131,06021,Glenn,CA,3.4
3147,06023,Humboldt,CA,2.2
3163,06025,Imperial,CA,-4.8
3179,06027,Inyo,CA,2.8
3195,06029,Kern,CA,2.0
3211,06031,Kings,CA,-4.8
3227,06033,Lake,CA,0.2
3243,06035,Lassen,CA,2.8
3259,06037,Los Angeles,CA,2.4
3275,06039,Madera,CA,3.8
3291,06041,Marin,CA,2.2
3307,06043,Mariposa,CA,1.2
3323,06045,Mendocino,CA,5.6
3339,06047,Merced,CA,-1.2
3355,06049,Modoc,CA,2.0
3371,06051,Mono,CA,-6.2
3387,06053,Monterey,CA,2.6
3403,06055,Napa,CA,-0.6
3419,06057,Nevada,CA,4.4
3435,06059,Orange,CA,-0.8
3451,06061,Placer,CA,-2.0
3467,06063,Plumas,CA,0.8
3483,06065,Riverside,CA,1.8
3499,06067,Sacramento,CA,3.2
3515,06069,San Benito,CA,-4.4
3531,06071,San Bernardino,CA,-3.2
3547,06073,San Diego,CA,-0.2
3563,06075,San Francisco,CA,9.8
3579,06077,San Joaquin,CA,1.8
3595,06079,San Luis Obispo,CA,3.4
3611,06081,San Mateo,CA,0.4
3627,06083,Santa Barbara,CA,-0.8
3643,06085,Santa Clara,CA,-3.0
3659,06087,Santa Cruz,CA,0.4
3675,06089,Shasta,CA,3.2
3691,06091,Sierra,CA,5.4
3707,06093,Siskiyou,CA,1.4
3723,06095,Solano,CA,-1.4
3739,06097,Sonoma,CA,-0.8
3755,06099,Stanislaus,CA,1.4
3771,06101,Sutter,CA,0.0
3787,06103,Tehama,CA,-4.4
3803,06105,Trinity,CA,1.4
3819,06107,Tulare,CA,-2.4
3835,06109,Tuolumne,CA,5.8
3851,06111,Ventura,CA,3.6
3867,06113,Yolo,CA,-3.4
3883,06115,Yuba,CA,-5.6
3899,08001,Adams,CO,2.4
3915,08003,Alamosa,CO,2.6
3931,08005,Arapahoe,CO,3.2
3947,08007,Archuleta,CO,9.4
3963,08009,Baca,CO,6.8
3979,08011,Bent,CO,7.0
3995,08013,Boulder,CO,1.4
4007,08014,Broomfield,CO,0.6
4023,08015,Chaffee,CO,2.8
4039,08017,Cheyenne,CO,-10.6
4055,08019,Clear Creek,CO,6.0
4071,08021,Conejos,CO,0.8
4087,08023,Costilla,CO,4.8
4103,08025,Crowley,CO,7.2
4119,08027,Custer,CO,7.2
4135,08029,Delta,CO,7.0
4151,08031,Denver,CO,3.2
4167,08033,Dolores,CO,2.4
4183,08035,Douglas,CO,-3.0
4199,08037,Eagle,CO,-2.4
4215,08039,Elbert,CO,-1.2
4231,08041,El Paso,CO,4.2
4247,08043,Fremont,CO,4.4
4263,08045,Garfield,CO,-2.6
4279,08047,Gilpin,CO,9.6
4295,08049,Grand,CO,-0.8
4311,08051,Gunnison,CO,-4.0
4327,08053,Hinsdale,CO,1.2
4343,08055,Huerfano,CO,7.4
4375,08059,Jefferson,CO,3.0
4391,08061,Kiowa,CO,-1.0
4407,08063,Kit Carson,CO,6.4
4423,08065,Lake,CO,2.0
4439,08067,La Plata,CO,2.2
4455,08069,Larimer,CO,0.8
4471,08071,Las Animas,CO,0.2
4487,08073,Lincoln,CO,1.6
4503,08075,Logan,CO,8.0
4519,08077,Mesa,CO,2.2
4535,08079,Mineral,CO,-11.4
4551,08081,Moffat,CO,-4.6
4567,08083,Montezuma,CO,0.4
4583,08085,Montrose,CO,0.0
4599,08087,Morgan,CO,-3.4
4615,08089,Otero,CO,5.0
4631,08091,Ouray,CO,2.0
4647,08093,Park,CO,-7.4
4663,08095,Phillips,CO,5.0
4679,08097,Pitkin,CO,-1.2
4695,08099,Prowers,CO,0.2
4711,08101,Pueblo,CO,5.6
4727,08103,Rio Blanco,CO,-3.2
4743,08105,Rio Grande,CO,0.8
4759,08107,Routt,CO,-0.6
4775,08109,Saguache,CO,1.8
4807,08113,San Miguel,CO,6.2
4823,08115,Sedgwick,CO,12.8
4839,08117,Summit,CO,-4.0
4855,08119,Teller,CO,-1.0
4871,08121,Washington,CO,-1.0
4887,08123,Weld,CO,-1.0
4903,08125,Yuma,CO,1.2
4919,09001,Fairfield,CT,0.2
4935,09003,Hartford,CT,1.8
4951,09005,Litchfield,CT,6.0
4967,09007,Middlesex,CT,1.6
4983,09009,New Haven,CT,3.0
4999,19093,Ida,IA,4.2
5015,09011,New London,CT,3.0
5031,09013,Tolland,CT,-1.6
5047,09015,Windham,CT,5.8
5063,10001,Kent,DE,0.0
5079,10003,New Castle,DE,4.0
5095,10005,Sussex,DE,-1.6
5111,11001,District Of Columbia,DC,8.6
5127,12001,Alachua,FL,1.0
5143,12003,Baker,FL,13.0
5159,12005,Bay,FL,6.8
5175,12007,Bradford,FL,7.6
5191,12009,Brevard,FL,2.8
5207,12011,Broward,FL,0.6
5223,12013,Calhoun,FL,5.0
5239,12015,Charlotte,FL,-1.2
5255,12017,Citrus,FL,6.0
5271,12019,Clay,FL,5.4
5287,12021,Collier,FL,4.2
5303,12023,Columbia,FL,2.0
5319,12027,Desoto,FL,0.0
5335,12029,Dixie,FL,10.8
5351,12031,Duval,FL,2.4
5367,12033,Escambia,FL,1.4
5383,12035,Flagler,FL,2.0
5399,12037,Franklin,FL,13.4
5415,12039,Gadsden,FL,-3.0
5431,12041,Gilchrist,FL,5.2
5447,12043,Glades,FL,5.4
5463,12045,Gulf,FL,3.4
5479,12047,Hamilton,FL,4.8
5495,12049,Hardee,FL,-0.2
5511,12051,Hendry,FL,5.4
5527,12053,Hernando,FL,4.2
5543,12055,Highlands,FL,6.4
5559,12057,Hillscounty,FL,1.8
5575,12059,Holmes,FL,3.8
5591,12061,Indian River,FL,9.2
5607,12063,Jackson,FL,-5.0
5623,12065,Jefferson,FL,-4.6
5639,12067,Lafayette,FL,9.6
5655,12069,Lake,FL,-1.0
5671,12071,Lee,FL,6.2
5687,12073,Leon,FL,-4.2
5703,12075,Levy,FL,11.2
5719,12077,Liberty,FL,-4.8
5735,12079,Madison,FL,-2.2
5751,12081,Manatee,FL,4.4
5767,12083,Marion,FL,2.4
5783,12085,Martin,FL,4.6
5799,12086,Miami-Dade,FL,-2.4
5815,12087,Monroe,FL,6.0
5831,12089,Nassau,FL,6.4
5847,12091,Okaloosa,FL,2.2
5863,12093,Okeechobee,FL,7.6
5879,12095,Orange,FL,0.6
5895,12097,Osceola,FL,0.4
5911,12099,Palm Beach,FL,1.6
5927,12101,Pasco,FL,1.6
5943,12103,Pinellas,FL,2.0
5959,12105,Polk,FL,2.4
5975,12107,Putnam,FL,1.4
5991,12109,St Johns,FL,0.2
6007,12111,St Lucie,FL,6.4
6023,12113,Santa Rosa,FL,4.6
6039,12115,Sarasota,FL,5.0
6055,12117,Seminole,FL,3.0
6071,12119,Sumter,FL,3.0
6087,12121,Suwannee,FL,7.6
6103,12123,Taylor,FL,1.8
6119,12125,Union,FL,0.6
6135,12127,Volusia,FL,5.4
6151,12129,Wakulla,FL,0.4
6167,12131,Walton,FL,3.4
6183,12133,Washington,FL,3.2
6199,13001,Appling,GA,4.2
6215,13003,Atkinson,GA,-1.8
6231,13005,Bacon,GA,2.2
6247,13007,Baker,GA,-4.6
6263,13009,Baldwin,GA,-5.8
6279,13011,Banks,GA,4.0
6295,13013,Barrow,GA,6.2
6311,13015,Bartow,GA,2.0
6327,13017,Ben Hill,GA,-8.2
6343,13019,Berrien,GA,0.0
6359,13021,Bibb,GA,-1.2
6375,13023,Bleckley,GA,6.2
6391,13025,Brantley,GA,9.4
6407,13027,Brooks,GA,-10.0
6423,13029,Bryan,GA,-9.8
6439,13031,Bulloch,GA,-0.6
6455,13033,Burke,GA,-2.2
6471,13035,Butts,GA,-3.4
6487,13037,Calhoun,GA,-3.4
6503,13039,Camden,GA,-2.2
6519,13043,Candler,GA,-0.6
6535,13045,Carroll,GA,2.8
6551,13047,Catoosa,GA,7.0
6567,13049,Charlton,GA,0.2
6583,13051,Chatham,GA,-2.8
6599,13053,Chattahoochee,GA,2.0
6615,13055,Chattooga,GA,1.0
6631,13057,Cherokee,GA,-1.8
6647,13059,Clarke,GA,-3.8
6663,13061,Clay,GA,-3.4
6679,13063,Clayton,GA,-3.0
6695,13065,Clinch,GA,-3.4
6711,13067,Cobb,GA,-1.4
6727,13069,Coffee,GA,-4.2
6743,13071,Colquitt,GA,-2.6
6759,13073,Columbia,GA,-5.2
6775,13075,Cook,GA,0.6
6791,13077,Coweta,GA,-1.2
6807,13079,Crawford,GA,-2.2
6823,13081,Crisp,GA,-1.0
6839,13083,Dade,GA,5.6
6855,13085,Dawson,GA,3.0
6871,13087,Decatur,GA,-3.0
6887,13089,Dekalb,GA,-1.6
6903,13091,Dodge,GA,4.6
6919,13093,Dooly,GA,0.2
6935,13095,Dougherty,GA,-6.6
6951,13097,Douglas,GA,1.4
6967,13099,Early,GA,-2.4
6999,13103,Effingham,GA,-4.0
7015,13105,Elbert,GA,2.2
7031,13107,Emanuel,GA,0.2
7047,13109,Evans,GA,3.0
7063,13111,Fannin,GA,7.8
7079,13113,Fayette,GA,1.0
7095,13115,Floyd,GA,5.6
7111,13117,Forsyth,GA,-0.8
7127,13119,Franklin,GA,9.8
7143,13121,Fulton,GA,-0.2
7159,13123,Gilmer,GA,5.2
7191,13127,Glynn,GA,-1.6
7207,13129,Gordon,GA,4.2
7223,13131,Grady,GA,-3.8
7239,13133,Greene,GA,-2.6
7255,13135,Gwinnett,GA,-2.0
7271,13137,Habersham,GA,2.2
7287,13139,Hall,GA,-0.6
7303,13141,Hancock,GA,-3.6
7319,13143,Haralson,GA,8.4
7335,13145,Harris,GA,-2.0
7351,13147,Hart,GA,6.4
7367,13149,Heard,GA,2.6
7383,13151,Henry,GA,-0.4
7399,13153,Houston,GA,-5.4
7415,13155,Irwin,GA,3.8
7431,13157,Jackson,GA,5.8
7447,13159,Jasper,GA,1.2
7463,13161,Jeff Davis,GA,8.6
7479,13163,Jefferson,GA,-4.0
7495,13165,Jenkins,GA,7.8
7511,13167,Johnson,GA,3.4
7527,13169,Jones,GA,-3.6
7543,13171,Lamar,GA,6.8
7559,13173,Lanier,GA,-2.6
7575,13175,Laurens,GA,-0.8
7591,13177,Lee,GA,-5.4
7607,13179,Liberty,GA,-2.6
7623,13181,Lincoln,GA,-1.2
7639,13183,Long,GA,-0.6
7655,13185,Lowndes,GA,-12.2
7671,13187,Lumpkin,GA,4.0
7687,13189,Mcduffie,GA,-2.8
7703,13191,Mcintosh,GA,3.8
7719,13193,Macon,GA,-1.6
7735,13195,Madison,GA,7.2
7751,13197,Marion,GA,-7.2
7767,13199,Meriwether,GA,1.8
7783,13201,Miller,GA,2.0
7799,13205,Mitchell,GA,-4.2
7815,13207,Monroe,GA,0.6
7831,13209,Montgomery,GA,-1.0
7847,13211,Morgan,GA,1.8
7863,13213,Murray,GA,10.0
7879,13215,Muscogee,GA,-2.6
7895,13217,Newton,GA,-3.8
7911,13219,Oconee,GA,-8.4
7927,13221,Oglethorpe,GA,0.0
7943,13223,Paulding,GA,0.8
7959,13225,Peach,GA,1.8
7975,13227,Pickens,GA,8.8
7991,13229,Pierce,GA,1.8
8007,13231,Pike,GA,-4.8
8023,13233,Polk,GA,7.2
8039,13235,Pulaski,GA,0.8
8055,13237,Putnam,GA,2.2
8071,13239,Quitman,GA,10.0
8087,13241,Rabun,GA,5.2
8103,13243,Randolph,GA,-9.4
8119,13245,Richmond,GA,0.8
8135,13247,Rockdale,GA,0.0
8151,13249,Schley,GA,-1.0
8167,13251,Screven,GA,0.2
8183,13253,Seminole,GA,0.2
8199,13255,Spalding,GA,0.2
8215,13257,Stephens,GA,9.8
8231,13259,Stewart,GA,6.2
8247,13261,Sumter,GA,-8.8
8263,13263,Talbot,GA,3.0
8279,13265,Taliaferro,GA,0.8
8295,13267,Tattnall,GA,-0.8
8311,13269,Taylor,GA,4.8
8327,13271,Telfair,GA,1.4
8343,13273,Terrell,GA,-7.0
8359,13275,Thomas,GA,-6.6
8375,13277,Tift,GA,-11.6
8391,13279,Toombs,GA,-3.4
8407,13281,Towns,GA,7.4
8423,13283,Treutlen,GA,-4.4
8439,13285,Troup,GA,-2.0
8455,13287,Turner,GA,-0.4
8471,13289,Twiggs,GA,1.6
8487,13291,Union,GA,10.2
8503,13293,Upson,GA,-2.0
8519,13295,Walker,GA,5.4
8535,13297,Walton,GA,1.2
8551,13299,Ware,GA,0.0
8567,13301,Warren,GA,1.6
8583,13303,Washington,GA,2.4
8599,13305,Wayne,GA,3.8
8631,13309,Wheeler,GA,1.0
8647,13311,White,GA,3.0
8663,13313,Whitfield,GA,1.2
8679,13315,Wilcox,GA,-1.4
8695,13317,Wilkes,GA,6.4
8711,13319,Wilkinson,GA,11.4
8727,13321,Worth,GA,-6.4
8743,15001,Hawaii,HI,2.6
8759,15003,Honolulu,HI,1.6
8791,15007,Kauai,HI,1.2
8807,15009,Maui,HI,-5.2
8823,16001,Ada,ID,0.8
8839,16003,Adams,ID,-2.2
8855,16005,Bannock,ID,4.2
8871,16007,Bear Lake,ID,5.0
8887,16009,Benewah,ID,0.8
8903,16011,Bingham,ID,-1.6
8919,16013,Blaine,ID,-2.6
8935,16015,Boise,ID,6.0
8951,16017,Bonner,ID,-3.0
8967,16019,Bonneville,ID,3.2
8983,16021,Boundary,ID,1.6
8999,16023,Butte,ID,0.0
9015,16027,Canyon,ID,-3.0
9031,16029,Caribou,ID,10.0
9047,16031,Cassia,ID,-2.4
9079,16035,Clearwater,ID,-0.8
9095,16037,Custer,ID,7.6
9111,16039,Elmore,ID,0.0
9127,16041,Franklin,ID,0.2
9143,16043,Fremont,ID,0.0
9159,16045,Gem,ID,2.4
9175,16047,Gooding,ID,-6.4
9191,16049,Idaho,ID,-7.0
9207,16051,Jefferson,ID,0.0
9223,16053,Jerome,ID,-3.6
9239,16055,Kootenai,ID,-1.6
9255,16057,Latah,ID,-4.8
9271,16059,Lemhi,ID,1.8
9287,16061,Lewis,ID,5.4
9303,16063,Lincoln,ID,-6.4
9319,16065,Madison,ID,-8.0
9335,16067,Minidoka,ID,4.0
9351,16069,Nez Perce,ID,-2.0
9367,16071,Oneida,ID,5.8
9383,16073,Owyhee,ID,5.0
9399,16075,Payette,ID,0.2
9415,16077,Power,ID,-1.6
9431,16079,Shoshone,ID,0.6
9447,16081,Teton,ID,6.4
9463,16083,Twin Falls,ID,-2.4
9479,16085,Valley,ID,-3.0
9495,16087,Washington,ID,0.2
9511,17001,Adams,IL,-1.2
9527,17003,Alexander,IL,0.0
9543,17005,Bond,IL,-4.2
9559,17007,Boone,IL,-0.8
9575,17009,Brown,IL,1.6
9591,17011,Bureau,IL,4.8
9607,17013,Calhoun,IL,-1.0
9623,17015,Carroll,IL,-3.2
9639,17017,Cass,IL,0.0
9655,17019,Champaign,IL,2.2
9671,17021,Christian,IL,3.6
9687,17023,Clark,IL,6.8
9703,17025,Clay,IL,-1.2
9719,17027,Clinton,IL,-2.4
9735,17029,Coles,IL,-2.8
9751,17031,Cook,IL,1.8
9767,17033,Crawford,IL,4.4
9783,17035,Cumberland,IL,-2.0
9799,17037,Dekalb,IL,-1.8
9815,17039,De Witt,IL,2.8
9831,17041,Douglas,IL,-0.8
9847,17043,Dupage,IL,-1.2
9863,17045,Edgar,IL,-1.6
9879,17047,Edwards,IL,11.4
9895,17049,Effingham,IL,-3.0
9911,17051,Fayette,IL,0.0
9927,17053,Ford,IL,3.8
9943,17055,Franklin,IL,8.2
9959,17057,Fulton,IL,0.6
9975,17059,Gallatin,IL,7.6
9991,17061,Greene,IL,-1.0
10007,17063,Grundy,IL,4.4
10023,17065,Hamilton,IL,-5.0
10039,17067,Hancock,IL,-0.8
10055,17069,Hardin,IL,1.0
10071,17071,Henderson,IL,-9.8
10087,17073,Henry,IL,-7.2
10103,17075,Iroquois,IL,3.6
10119,17077,Jackson,IL,0.2
10135,17079,Jasper,IL,-0.6
10151,17081,Jefferson,IL,-2.2
10167,17083,Jersey,IL,6.0
10183,17085,Jo Daviess,IL,-2.8
10199,17087,Johnson,IL,2.2
10215,17089,Kane,IL,0.8
10231,17091,Kankakee,IL,5.0
10247,17093,Kendall,IL,0.2
10263,17095,Knox,IL,-4.6
10279,17097,Lake,IL,0.8
10295,17099,Lasalle,IL,7.8
10311,17101,Lawrence,IL,4.2
10327,17103,Lee,IL,5.8
10343,17105,Livingston,IL,3.8
10359,17107,Logan,IL,-3.2
10375,17109,Mcdonough,IL,0.6
10391,17111,Mchenry,IL,2.4
10407,17113,Mclean,IL,-2.2
10423,17115,Macon,IL,1.4
10439,17117,Macoupin,IL,-3.4
10455,17119,Madison,IL,4.2
10471,17121,Marion,IL,8.6
10487,17123,Marshall,IL,4.4
10503,17125,Mason,IL,3.8
10519,17127,Massac,IL,9.8
10535,17129,Menard,IL,-0.8
10551,17131,Mercer,IL,-1.0
10567,17133,Monroe,IL,3.8
10583,17135,Montgomery,IL,-1.2
10599,17137,Morgan,IL,-4.2
10615,17139,Moultrie,IL,-2.6
10631,17141,Ogle,IL,-2.8
10647,17143,Peoria,IL,3.4
10663,17145,Perry,IL,0.4
10679,17147,Piatt,IL,-13.0
10695,17149,Pike,IL,0.8
10711,17151,Pope,IL,4.8
10743,17155,Putnam,IL,-1.8
10759,17157,Randolph,IL,1.0
10775,17159,Richland,IL,3.4
10791,17161,Rock Island,IL,-2.0
10807,17163,St Clair,IL,-0.2
10823,17165,Saline,IL,2.2
10839,17167,Sangamon,IL,-3.4
10855,17169,Schuyler,IL,-0.8
10871,17171,Scott,IL,0.6
10887,17173,Shelby,IL,0.4
10903,17175,Stark,IL,-3.0
10919,17177,Stephenson,IL,-0.6
10935,17179,Tazewell,IL,2.2
10951,17181,Union,IL,0.4
10967,17183,Vermilion,IL,2.6
10983,17185,Wabash,IL,-8.0
10999,17187,Warren,IL,-2.4
11015,17189,Washington,IL,0.2
11031,17191,Wayne,IL,-1.6
11047,17193,White,IL,4.4
11063,17195,Whiteside,IL,-3.4
11079,17197,Will,IL,2.4
11095,17199,Williamson,IL,2.8
11111,17201,Winnebago,IL,6.2
11127,17203,Woodford,IL,-2.6
11143,18001,Adams,IN,1.4
11159,18003,Allen,IN,-5.0
11175,18005,Bartholomew,IN,2.8
11191,18007,Benton,IN,6.4
11207,18009,Blackford,IN,2.0
11223,18011,Boone,IN,-5.0
11239,18013,Brown,IN,3.6
11255,18015,Carroll,IN,3.4
11271,18017,Cass,IN,-3.0
11287,18019,Clark,IN,4.2
11303,18021,Clay,IN,2.2
11319,18023,Clinton,IN,2.4
11335,18025,Crawford,IN,10.8
11351,18027,Daviess,IN,-1.2
11367,18029,Dearborn,IN,3.4
11383,18031,Decatur,IN,6.0
11399,18033,De Kalb,IN,2.2
11415,18035,Delaware,IN,4.8
11431,18037,Dubois,IN,-1.0
11447,18039,Elkhart,IN,-6.0
11463,18041,Fayette,IN,8.8
11479,18043,Floyd,IN,-4.6
11495,18045,Fountain,IN,2.2
11511,18047,Franklin,IN,0.6
11527,18049,Fulton,IN,3.4
11543,18051,Gibson,IN,-2.0
11559,18053,Grant,IN,2.0
11575,18055,Greene,IN,7.0
11591,19171,Tama,IA,2.0
11607,18057,Hamilton,IN,-4.4
11623,18059,Hancock,IN,2.0
11639,18061,Harrison,IN,-2.2
11655,18063,Hendricks,IN,-3.6
11671,18065,Henry,IN,4.2
11687,18067,Howard,IN,9.6
11703,18069,Huntington,IN,4.0
11719,18071,Jackson,IN,-1.4
11735,18073,Jasper,IN,-2.6
11751,18075,Jay,IN,2.8
11767,18077,Jefferson,IN,-2.4
11783,18079,Jennings,IN,4.0
11799,18081,Johnson,IN,-0.6
11815,18083,Knox,IN,2.2
11831,18085,Kosciusko,IN,2.4
11847,18087,Lagrange,IN,-9.8
11863,18089,Lake,IN,-7.4
11879,18091,La Porte,IN,2.0
11895,18093,Lawrence,IN,6.0
11911,18095,Madison,IN,4.8
11927,18097,Marion,IN,1.0
11943,18099,Marshall,IN,-0.6
11959,18101,Martin,IN,-1.8
11975,18103,Miami,IN,-2.8
11991,18105,Monroe,IN,-2.2
12007,18107,Montgomery,IN,8.4
12023,18109,Morgan,IN,4.0
12039,18111,Newton,IN,3.4
12055,18113,Noble,IN,-2.6
12071,18115,Ohio,IN,8.0
12087,18117,Orange,IN,0.2
12103,18119,Owen,IN,2.4
12119,18121,Parke,IN,-2.4
12135,18123,Perry,IN,2.8
12151,18125,Pike,IN,-0.6
12167,18127,Porter,IN,3.0
12183,18129,Posey,IN,-4.2
12199,18131,Pulaski,IN,7.0
12215,18133,Putnam,IN,0.4
12231,18135,Randolph,IN,2.0
12247,18137,Ripley,IN,3.0
12263,18139,Rush,IN,4.4
12279,18141,St Joseph,IN,-2.6
12295,18143,Scott,IN,4.8
12311,18145,Shelby,IN,3.2
12327,18147,Spencer,IN,-1.6
12343,18149,Starke,IN,3.2
12359,18151,Steuben,IN,1.2
12375,18153,Sullivan,IN,4.0
12391,18155,Switzerland,IN,8.6
12407,18157,Tippecanoe,IN,-0.6
12423,18159,Tipton,IN,9.6
12439,18161,Union,IN,4.6
12455,18163,Vanderburgh,IN,5.0
12471,18165,Vermillion,IN,1.6
12487,18167,Vigo,IN,6.4
12503,18169,Wabash,IN,4.0
12519,18171,Warren,IN,1.6
12535,18173,Warrick,IN,-5.8
12551,18175,Washington,IN,-0.2
12567,18177,Wayne,IN,5.0
12583,18179,Wells,IN,-4.0
12599,18181,White,IN,1.4
12615,18183,Whitley,IN,0.2
12631,19001,Adair,IA,-1.8
12647,19003,Adams,IA,2.8
12663,19005,Allamakee,IA,-5.8
12679,19007,Appanoose,IA,5.0
12695,19009,Audubon,IA,-12.6
12711,19011,Benton,IA,-5.4
12727,19013,Black Hawk,IA,-4.6
12743,19015,Boone,IA,-6.6
12759,19017,Bremer,IA,2.2
12775,19019,Buchanan,IA,-1.0
12791,19021,Buena Vista,IA,-0.8
12807,19023,Butler,IA,-4.8
12823,19025,Calhoun,IA,-1.6
12839,19027,Carroll,IA,-0.2
12855,19029,Cass,IA,0.8
12871,19031,Cedar,IA,-2.6
12887,19033,Cerro Gordo,IA,-4.2
12903,19035,Cherokee,IA,-3.8
12919,19037,Chickasaw,IA,0.0
12935,19039,Clarke,IA,-0.6
12951,19041,Clay,IA,-7.8
12967,19043,Clayton,IA,-1.8
12983,19045,Clinton,IA,-2.0
12999,19047,Crawford,IA,-1.8
13015,19049,Dallas,IA,-2.8
13031,19051,Davis,IA,-2.0
13047,19053,Decatur,IA,0.0
13063,19055,Delaware,IA,-4.8
13079,19057,Des Moines,IA,-0.4
13095,19059,Dickinson,IA,-1.6
13111,19061,Dubuque,IA,0.2
13127,19063,Emmet,IA,-3.0
13143,19065,Fayette,IA,-5.4
13159,19067,Floyd,IA,-3.0
13175,19069,Franklin,IA,-3.8
13191,19071,Fremont,IA,-1.4
13207,19073,Greene,IA,-0.8
13223,19075,Grundy,IA,-7.6
13239,19077,Guthrie,IA,-2.8
13255,19079,Hamilton,IA,-6.2
13271,19081,Hancock,IA,-4.4
13287,19083,Hardin,IA,-1.8
13303,19085,Harrison,IA,3.0
13319,19087,Henry,IA,-2.6
13335,19089,Howard,IA,-2.4
13351,19091,Humboldt,IA,-1.0
13367,19095,Iowa,IA,-1.2
13383,19097,Jackson,IA,2.0
13399,19099,Jasper,IA,-1.4
13415,19101,Jefferson,IA,0.8
13431,19103,Johnson,IA,-1.4
13447,19105,Jones,IA,-4.8
13463,19107,Keokuk,IA,1.4
13479,19109,Kossuth,IA,-4.8
13495,19111,Lee,IA,2.8
13511,19113,Linn,IA,-2.2
13527,19115,Louisa,IA,1.6
13543,19117,Lucas,IA,1.2
13559,19119,Lyon,IA,-3.2
13575,19121,Madison,IA,-5.8
13591,19123,Mahaska,IA,0.0
13607,19125,Marion,IA,-1.0
13623,19127,Marshall,IA,-5.8
13639,19129,Mills,IA,-0.4
13655,19131,Mitchell,IA,-0.8
13671,19133,Monona,IA,4.6
13687,19135,Monroe,IA,0.6
13703,19137,Montgomery,IA,8.8
13719,19139,Muscatine,IA,-5.2
13735,19141,O'Brien,IA,-6.4
13751,19143,Osceola,IA,-2.6
13767,19145,Page,IA,-4.0
13783,19147,Palo Alto,IA,-1.8
13799,19149,Plymouth,IA,-2.6
13815,19151,Pocahontas,IA,-6.8
13831,19153,Polk,IA,-1.8
13847,19155,Pottawattamie,IA,-4.2
13863,19157,Poweshiek,IA,-3.4
13879,19159,Ringgold,IA,-0.2
13895,19161,Sac,IA,1.2
13911,19163,Scott,IA,0.8
13927,19165,Shelby,IA,1.0
13943,19167,Sioux,IA,-4.2
13959,19169,Story,IA,-8.4
13975,19173,Taylor,IA,-3.4
13991,19175,Union,IA,-0.4
14007,19177,Van Buren,IA,-1.8
14023,19179,Wapello,IA,-0.2
14039,19181,Warren,IA,-4.2
14055,19183,Washington,IA,1.4
14071,19185,Wayne,IA,0.8
14087,19187,Webster,IA,1.2
14103,19189,Winnebago,IA,2.0
14119,19191,Winneshiek,IA,1.0
14135,19193,Woodbury,IA,4.0
14151,19195,Worth,IA,0.6
14167,19197,Wright,IA,-2.2
14183,20001,Allen,KS,8.6
14199,20003,Anderson,KS,5.0
14215,20005,Atchison,KS,-1.4
14231,20007,Barber,KS,2.6
14247,20009,Barton,KS,-3.4
14263,20011,Bourbon,KS,1.4
14279,20013,Brown,KS,5.2
14295,20015,Butler,KS,1.0
14311,20017,Chase,KS,-12.0
14327,20019,Chautauqua,KS,3.6
14343,20021,Cherokee,KS,-3.6
14359,20023,Cheyenne,KS,-3.4
14375,20025,Clark,KS,-6.6
14391,20027,Clay,KS,7.2
14407,20029,Cloud,KS,-0.8
14423,20031,Coffey,KS,0.2
14439,20033,Comanche,KS,-3.0
14455,20035,Cowley,KS,2.2
14471,20037,Crawford,KS,3.8
14487,20039,Decatur,KS,-3.2
14503,20041,Dickinson,KS,-11.2
14519,20043,Doniphan,KS,-1.6
14535,20045,Douglas,KS,0.8
14551,20047,Edwards,KS,-6.4
14567,20049,Elk,KS,4.4
14583,20051,Ellis,KS,-3.4
14599,20053,Ellsworth,KS,3.0
14615,20055,Finney,KS,-4.8
14631,20057,Ford,KS,-6.6
14647,20059,Franklin,KS,1.2
14663,20061,Geary,KS,1.8
14679,20063,Gove,KS,-4.2
14695,20065,Graham,KS,0.2
14711,20067,Grant,KS,-8.0
14727,20069,Gray,KS,-4.4
14743,20071,Greeley,KS,0.4
14759,20073,Greenwood,KS,6.8
14775,20075,Hamilton,KS,-1.6
14791,20077,Harper,KS,7.6
14807,20079,Harvey,KS,-5.8
14823,20081,Haskell,KS,-7.6
14839,20083,Hodgeman,KS,-15.6
14855,20085,Jackson,KS,-6.4
14871,20087,Jefferson,KS,-3.4
14887,20089,Jewell,KS,-1.4
14903,20091,Johnson,KS,0.8
14919,20093,Kearny,KS,-11.0
14935,20095,Kingman,KS,-3.2
14951,20097,Kiowa,KS,2.4
14967,20099,Labette,KS,-2.6
14983,20101,Lane,KS,-6.6
14999,20103,Leavenworth,KS,-2.6
15015,20105,Lincoln,KS,-1.8
15031,20107,Linn,KS,-3.8
15032,39141,Ross,OH,8.8
15063,20109,Logan,KS,3.2
15079,20111,Lyon,KS,-4.0
15095,20113,Mcpherson,KS,-1.0
15111,20115,Marion,KS,1.0
15127,20117,Marshall,KS,-2.2
15143,20119,Meade,KS,-11.2
15159,20121,Miami,KS,-1.4
15175,20123,Mitchell,KS,1.8
15191,20125,Montgomery,KS,8.4
15207,20127,Morris,KS,-3.0
15223,20129,Morton,KS,-7.2
15239,20131,Nemaha,KS,-5.6
15255,20133,Neosho,KS,-1.8
15271,20135,Ness,KS,-5.4
15287,20137,Norton,KS,-10.6
15303,20139,Osage,KS,0.2
15319,20141,Osborne,KS,-1.2
15335,20143,Ottawa,KS,-3.6
15351,20145,Pawnee,KS,0.0
15367,20147,Phillips,KS,-13.8
15383,20149,Pottawatomie,KS,0.0
15399,20151,Pratt,KS,-2.4
15415,20153,Rawlins,KS,-6.6
15431,20155,Reno,KS,-2.8
15447,20157,Republic,KS,-0.2
15463,20159,Rice,KS,3.6
15479,20161,Riley,KS,-5.8
15495,20163,Rooks,KS,-2.0
15511,20165,Rush,KS,2.8
15527,20167,Russell,KS,1.8
15543,20169,Saline,KS,0.6
15559,20171,Scott,KS,-10.4
15575,20173,Sedgwick,KS,-1.2
15591,20175,Seward,KS,-2.8
15607,20177,Shawnee,KS,2.6
15623,20179,Sheridan,KS,-5.8
15639,20181,Sherman,KS,3.6
15655,20183,Smith,KS,-3.0
15671,20185,Stafford,KS,1.6
15687,20187,Stanton,KS,-11.4
15703,20189,Stevens,KS,-7.0
15719,20191,Sumner,KS,6.6
15735,20193,Thomas,KS,-2.6
15751,20195,Trego,KS,1.0
15767,20197,Wabaunsee,KS,0.8
15783,20199,Wallace,KS,-9.6
15799,20201,Washington,KS,-1.8
15815,20203,Wichita,KS,-7.6
15831,20205,Wilson,KS,6.2
15847,20207,Woodson,KS,10.4
15863,20209,Wyandotte,KS,-3.0
15879,21001,Adair,KY,6.0
15895,21003,Allen,KY,7.8
15911,21005,Anderson,KY,10.4
15927,21007,Ballard,KY,4.8
15943,21009,Barren,KY,1.2
15959,21011,Bath,KY,10.0
15975,21013,Bell,KY,4.8
15991,21015,Boone,KY,4.0
16007,21017,Bourbon,KY,8.2
16023,21019,Boyd,KY,7.2
16039,21021,Boyle,KY,0.8
16055,21023,Bracken,KY,1.8
16071,21025,Breathitt,KY,2.4
16087,21027,Breckinridge,KY,5.8
16103,21029,Bullitt,KY,1.0
16119,21031,Butler,KY,10.6
16135,21033,Caldwell,KY,7.4
16151,21035,Calloway,KY,2.4
16167,21037,Campbell,KY,8.8
16183,21039,Carlisle,KY,5.8
16199,21041,Carroll,KY,6.0
16215,21043,Carter,KY,11.6
16231,21045,Casey,KY,4.0
16247,21047,Christian,KY,-3.6
16263,48103,Crane,TX,-2.4
16279,21049,Clark,KY,8.6
16295,21051,Clay,KY,2.8
16311,21053,Clinton,KY,0.2
16327,21055,Crittenden,KY,2.6
16343,21057,Cumberland,KY,10.2
16359,21059,Daviess,KY,5.2
16375,21061,Edmonson,KY,8.4
16391,21063,Elliott,KY,9.4
16407,21065,Estill,KY,7.8
16423,21067,Fayette,KY,2.0
16439,21069,Fleming,KY,10.8
16455,21071,Floyd,KY,2.4
16471,21073,Franklin,KY,-0.4
16487,21075,Fulton,KY,6.4
16503,21077,Gallatin,KY,7.2
16519,21079,Garrard,KY,7.2
16535,21081,Grant,KY,12.4
16551,21083,Graves,KY,2.6
16567,21085,Grayson,KY,11.0
16583,21087,Green,KY,7.8
16599,21089,Greenup,KY,9.2
16615,21091,Hancock,KY,-3.4
16631,21093,Hardin,KY,0.2
16647,21095,Harlan,KY,10.8
16663,21097,Harrison,KY,8.0
16679,21099,Hart,KY,7.2
16695,21101,Henderson,KY,-0.2
16711,21103,Henry,KY,4.6
16727,21105,Hickman,KY,8.6
16743,21107,Hopkins,KY,-0.4
16759,21109,Jackson,KY,10.0
16775,21111,Jefferson,KY,0.6
16791,21113,Jessamine,KY,12.2
16807,21115,Johnson,KY,5.4
16823,21117,Kenton,KY,5.8
16824,49021,Iron,UT,7.6
16855,21119,Knott,KY,11.0
16871,21121,Knox,KY,8.6
16887,21123,Larue,KY,1.0
16903,21125,Laurel,KY,4.8
16919,21127,Lawrence,KY,7.2
16935,21129,Lee,KY,9.2
16951,21131,Leslie,KY,0.8
16967,21133,Letcher,KY,11.6
16983,21135,Lewis,KY,10.2
16999,21137,Lincoln,KY,5.6
17015,21139,Livingston,KY,5.4
17031,21141,Logan,KY,3.8
17047,21143,Lyon,KY,6.2
17063,21145,Mccracken,KY,5.2
17079,21147,Mccreary,KY,9.4
17095,21149,Mclean,KY,9.2
17111,21151,Madison,KY,3.6
17127,21153,Magoffin,KY,5.2
17143,21155,Marion,KY,3.4
17159,21157,Marshall,KY,9.4
17175,21159,Martin,KY,10.6
17191,21161,Mason,KY,8.4
17207,21163,Meade,KY,-2.4
17223,21165,Menifee,KY,12.8
17239,21167,Mercer,KY,10.2
17255,21169,Metcalfe,KY,5.8
17271,21171,Monroe,KY,6.4
17287,21173,Montgomery,KY,4.4
17303,21175,Morgan,KY,9.8
17319,21177,Muhlenberg,KY,8.8
17335,21179,Nelson,KY,-3.0
17351,49023,Juab,UT,10.0
17367,21181,Nicholas,KY,9.4
17383,21183,Ohio,KY,5.8
17399,21185,Oldham,KY,-5.6
17415,21187,Owen,KY,13.8
17447,21191,Pendleton,KY,10.4
17463,21193,Perry,KY,6.0
17479,21195,Pike,KY,8.8
17495,21197,Powell,KY,7.2
17511,21199,Pulaski,KY,6.4
17543,21203,Rockcastle,KY,5.0
17559,21205,Rowan,KY,8.8
17575,21207,Russell,KY,9.2
17591,21209,Scott,KY,-1.8
17607,21211,Shelby,KY,-6.2
17623,21213,Simpson,KY,5.6
17639,21215,Spencer,KY,2.0
17655,21217,Taylor,KY,10.8
17671,21219,Todd,KY,6.2
17687,21221,Trigg,KY,5.0
17703,21223,Trimble,KY,7.8
17719,21225,Union,KY,5.6
17735,21227,Warren,KY,-2.6
17751,21229,Washington,KY,5.2
17767,21231,Wayne,KY,5.2
17783,21233,Webster,KY,11.2
17799,21235,Whitley,KY,6.8
17815,21237,Wolfe,KY,8.0
17831,21239,Woodford,KY,12.4
17847,22001,Acadia,LA,14.8
17863,22003,Allen,LA,0.2
17879,22005,Ascension,LA,-2.2
17895,22007,Assumption,LA,0.0
17911,22009,Avoyelles,LA,-1.0
17927,22011,Beauregard,LA,6.6
17943,22013,Bienville,LA,1.8
17959,22015,Bossier,LA,1.2
17975,22017,Caddo,LA,1.8
17991,22019,Calcasieu,LA,6.2
18007,22021,Caldwell,LA,5.6
18023,22023,Cameron,LA,5.8
18039,22025,Catahoula,LA,11.0
18055,22027,Claiborne,LA,0.0
18071,22029,Concordia,LA,2.0
18087,22031,De Soto,LA,3.2
18103,22033,East Baton Rouge,LA,-4.8
18119,22035,East Carroll,LA,-1.6
18135,22037,East Feliciana,LA,0.8
18151,22039,Evangeline,LA,0.0
18167,22041,Franklin,LA,-4.6
18183,22043,Grant,LA,0.0
18199,22045,Iberia,LA,0.6
18215,22047,Iberville,LA,-4.0
18231,22049,Jackson,LA,-2.2
18247,22051,Jefferson,LA,2.2
18263,22053,Jefferson Davis,LA,1.6
18279,22055,Lafayette,LA,1.8
18295,22057,Lafourche,LA,3.8
18311,22059,La Salle,LA,5.0
18327,22061,Lincoln,LA,0.0
18343,22063,Livingston,LA,7.6
18359,22065,Madison,LA,-1.6
18375,22067,Morehouse,LA,-4.4
18391,22069,Natchitoches,LA,-1.2
18407,22071,Orleans,LA,-1.8
18423,22073,Ouachita,LA,-0.8
18439,22075,Plaquemines,LA,11.0
18455,22077,Pointe Coupee,LA,4.4
18471,22079,Rapides,LA,0.0
18487,22081,Red River,LA,-3.2
18503,22083,Richland,LA,-5.8
18519,22085,Sabine,LA,-2.2
18535,22087,St Bernard,LA,6.0
18551,22089,St Charles,LA,8.0
18567,22091,St Helena,LA,11.4
18583,22093,St James,LA,-6.8
18599,22095,St John The Baptist,LA,-4.8
18615,22097,St Landry,LA,5.6
18631,22099,St Martin,LA,0.8
18647,22101,St Mary,LA,4.6
18663,22103,St Tammany,LA,4.4
18679,22105,Tangipahoa,LA,8.0
18695,22107,Tensas,LA,2.8
18711,22109,Terrebonne,LA,1.2
18727,22111,Union,LA,2.6
18743,22113,Vermilion,LA,2.4
18759,22115,Vernon,LA,-6.4
18775,22117,Washington,LA,12.0
18791,22119,Webster,LA,6.2
18807,22121,West Baton Rouge,LA,8.4
18823,22123,West Carroll,LA,2.0
18839,22125,West Feliciana,LA,0.4
18855,22127,Winn,LA,7.6
18871,23001,Androscoggin,ME,-0.8
18887,23003,Aroostook,ME,-2.8
18903,23005,Cumberland,ME,0.8
18919,23007,Franklin,ME,-2.2
18935,23009,Hancock,ME,-0.4
18951,23011,Kennebec,ME,-0.6
18967,23013,Knox,ME,5.0
18983,23015,Lincoln,ME,-0.2
18999,23017,Oxford,ME,-1.0
19015,23019,Penobscot,ME,1.8
19031,23021,Piscataquis,ME,3.4
19047,23023,Sagadahoc,ME,-0.2
19063,23025,Somerset,ME,-0.4
19079,23027,Waldo,ME,-0.2
19095,23029,Washington,ME,8.2
19111,23031,York,ME,0.4
19127,24001,Allegany,MD,7.2
19143,24003,Anne Arundel,MD,5.4
19159,24005,Baltimore,MD,2.0
19175,24009,Calvert,MD,5.2
19191,24011,Caroline,MD,5.6
19207,24013,Carroll,MD,5.6
19223,24015,Cecil,MD,9.2
19239,24017,Charles,MD,0.0
19255,24019,Dorchester,MD,5.2
19271,24021,Frederick,MD,-2.2
19287,24023,Garrett,MD,0.0
19303,24025,Harford,MD,5.6
19319,24027,Howard,MD,-1.4
19335,24029,Kent,MD,-2.4
19351,24031,Montgomery,MD,-3.6
19367,24033,Prince George'S,MD,-2.0
19383,24035,Queen Anne'S,MD,5.4
19399,24037,St Mary'S,MD,-3.0
19415,24039,Somerset,MD,7.4
19431,24041,Talbot,MD,-3.0
19447,24043,Washington,MD,3.0
19463,24045,Wicomico,MD,5.6
19479,24047,Worcester,MD,5.0
19495,24510,Baltimore City,MD,5.6
19511,25001,Barnstable,MA,12.2
19527,25003,Berkshire,MA,5.8
19543,25005,Bristol,MA,7.8
19559,25007,Dukes,MA,7.0
19575,25009,Essex,MA,3.2
19591,25011,Franklin,MA,2.0
19607,25013,Hampden,MA,5.2
19623,25015,Hampshire,MA,1.8
19639,25017,Middlesex,MA,2.6
19655,25019,Nantucket,MA,5.0
19671,25021,Norfolk,MA,0.4
19687,25023,Plymouth,MA,4.8
19703,25025,Suffolk,MA,4.8
19719,25027,Worcester,MA,3.4
19735,26001,Alcona,MI,0.2
19751,26003,Alger,MI,10.4
19767,26005,Allegan,MI,-2.2
19783,26007,Alpena,MI,-0.8
19799,26009,Antrim,MI,1.2
19815,26011,Arenac,MI,-3.6
19831,26013,Baraga,MI,-0.2
19847,26015,Barry,MI,-2.0
19863,26017,Bay,MI,2.8
19879,26019,Benzie,MI,-5.6
19895,26021,Berrien,MI,2.8
19911,26023,Branch,MI,-1.6
19927,26025,Calhoun,MI,5.0
19943,26027,Cass,MI,1.0
19959,26029,Charlevoix,MI,-0.4
19975,26031,Cheboygan,MI,3.6
19991,26033,Chippewa,MI,-1.2
20007,26035,Clare,MI,8.2
20023,26037,Clinton,MI,-2.8
20039,26039,Crawford,MI,3.0
20055,26041,Delta,MI,-6.8
20071,26043,Dickinson,MI,-0.6
20087,26045,Eaton,MI,-7.4
20103,26047,Emmet,MI,-6.4
20119,26049,Genesee,MI,2.8
20135,26051,Gladwin,MI,8.2
20151,26053,Gogebic,MI,2.0
20167,26055,Grand Traverse,MI,-0.4
20183,26057,Gratiot,MI,-2.8
20199,26059,Hillsdale,MI,1.2
20215,26061,Houghton,MI,-4.4
20231,26063,Huron,MI,-2.8
20247,26065,Ingham,MI,1.2
20263,26067,Ionia,MI,-2.0
20279,26069,Iosco,MI,3.6
20295,26071,Iron,MI,-2.4
20311,26073,Isabella,MI,-2.8
20327,26075,Jackson,MI,-2.6
20343,26077,Kalamazoo,MI,1.6
20359,26079,Kalkaska,MI,-1.8
20375,26081,Kent,MI,-4.2
20391,26083,Keweenaw,MI,-1.2
20407,26085,Lake,MI,1.0
20423,26087,Lapeer,MI,-2.0
20439,26089,Leelanau,MI,-4.6
20455,26091,Lenawee,MI,-8.0
20471,26093,Livingston,MI,2.6
20487,26095,Luce,MI,-1.0
20503,26097,Mackinac,MI,-5.2
20519,26099,Macomb,MI,1.8
20535,26101,Manistee,MI,3.6
20551,26103,Marquette,MI,0.2
20567,26105,Mason,MI,-1.2
20583,26107,Mecosta,MI,-1.0
20599,26109,Menominee,MI,-3.0
20615,26111,Midland,MI,0.4
20631,26113,Missaukee,MI,5.2
20647,26115,Monroe,MI,1.6
20663,26117,Montcalm,MI,-2.6
20679,26119,Montmorency,MI,6.0
20695,26121,Muskegon,MI,-0.4
20711,26123,Newaygo,MI,-5.4
20727,26125,Oakland,MI,0.0
20743,26127,Oceana,MI,3.6
20759,26129,Ogemaw,MI,-1.8
20775,26131,Ontonagon,MI,6.0
20791,26133,Osceola,MI,-4.8
20807,26135,Oscoda,MI,5.8
20823,26137,Otsego,MI,4.0
20839,26139,Ottawa,MI,-4.4
20855,26141,Presque Isle,MI,5.8
20871,26143,Roscommon,MI,7.2
20887,26145,Saginaw,MI,0.2
20903,26147,St Clair,MI,2.6
20919,26149,St Joseph,MI,1.4
20935,26151,Sanilac,MI,-2.4
20951,26153,Schoolcraft,MI,3.8
20967,26155,Shiawassee,MI,6.0
20983,26157,Tuscola,MI,-4.2
20999,26159,Van Buren,MI,-0.2
21015,26161,Washtenaw,MI,-2.6
21031,26163,Wayne,MI,7.4
21047,26165,Wexford,MI,-0.6
21063,27001,Aitkin,MN,4.2
21079,27003,Anoka,MN,-2.4
21095,27005,Becker,MN,-0.6
21111,27007,Beltrami,MN,0.0
21127,27009,Benton,MN,-2.2
21143,27011,Big Stone,MN,10.6
21159,27013,Blue Earth,MN,-4.8
21175,27015,Brown,MN,-5.2
21191,27017,Carlton,MN,-1.2
21207,27019,Carver,MN,-10.0
21223,27021,Cass,MN,6.2
21239,27023,Chippewa,MN,1.8
21255,27025,Chisago,MN,-3.6
21271,27027,Clay,MN,0.6
21287,27029,Clearwater,MN,0.2
21303,27031,Cook,MN,-4.8
21319,27033,Cottonwood,MN,2.2
21335,27035,Crow Wing,MN,0.4
21351,27037,Dakota,MN,-1.8
21367,27039,Dodge,MN,-6.0
21383,27041,Douglas,MN,-0.6
21399,27043,Faribault,MN,1.0
21415,27045,Fillmore,MN,-0.2
21431,27047,Freeborn,MN,-0.6
21447,27049,Goodhue,MN,-4.4
21463,27051,Grant,MN,-0.6
21479,27053,Hennepin,MN,-1.4
21495,27055,Houston,MN,-0.8
21511,27057,Hubbard,MN,1.2
21527,27059,Isanti,MN,-1.0
21543,27061,Itasca,MN,-4.2
21559,27063,Jackson,MN,1.0
21575,27065,Kanabec,MN,-6.8
21591,27067,Kandiyohi,MN,-5.0
21607,27069,Kittson,MN,-4.6
21623,27071,Koochiching,MN,2.8
21639,27073,Lac Qui Parle,MN,-0.4
21655,27075,Lake,MN,2.4
21671,27077,Lake Of The Woods,MN,-0.4
21687,27079,Le Sueur,MN,-1.2
21703,27081,Lincoln,MN,7.0
21719,27083,Lyon,MN,0.4
21735,27085,Mcleod,MN,0.8
21751,27087,Mahnomen,MN,11.0
21767,27089,Marshall,MN,-2.2
21783,27091,Martin,MN,-1.4
21799,27093,Meeker,MN,-3.8
21815,27095,Mille Lacs,MN,-1.0
21831,27097,Morrison,MN,-5.8
21847,27099,Mower,MN,-8.0
21863,27101,Murray,MN,-4.2
21879,27103,Nicollet,MN,-0.4
21895,27105,Nobles,MN,-2.0
21911,27107,Norman,MN,-1.0
21927,27109,Olmsted,MN,-8.4
21943,27111,Otter Tail,MN,-4.2
21959,27113,Pennington,MN,3.2
21975,27115,Pine,MN,-2.2
21991,27117,Pipestone,MN,-0.6
22007,27119,Polk,MN,0.8
22023,27121,Pope,MN,0.4
22039,27123,Ramsey,MN,-1.6
22055,27125,Red Lake,MN,-10.2
22071,27127,Redwood,MN,-0.8
22087,27129,Renville,MN,-0.4
22103,27131,Rice,MN,-3.8
22119,27133,Rock,MN,0.0
22135,27135,Roseau,MN,-1.8
22151,27137,St Louis,MN,-0.8
22167,27139,Scott,MN,-7.6
22183,27141,Sherburne,MN,-2.8
22199,27143,Sibley,MN,-1.0
22215,27145,Stearns,MN,-4.2
22231,27147,Steele,MN,-5.2
22247,27149,Stevens,MN,2.6
22263,27151,Swift,MN,-2.4
22279,27153,Todd,MN,-7.2
22295,27155,Traverse,MN,2.0
22311,27157,Wabasha,MN,-0.4
22327,27159,Wadena,MN,2.2
22343,27161,Waseca,MN,-0.6
22359,27163,Washington,MN,-4.6
22375,27165,Watonwan,MN,-2.2
22391,27167,Wilkin,MN,-3.6
22407,27169,Winona,MN,-2.2
22423,27171,Wright,MN,-4.0
22439,27173,Yellow Medicine,MN,1.0
22455,28001,Adams,MS,-2.0
22471,28003,Alcorn,MS,1.0
22487,28005,Amite,MS,-0.2
22503,28007,Attala,MS,-1.2
22519,28009,Benton,MS,-0.4
22535,28011,Bolivar,MS,-6.8
22551,28013,Calhoun,MS,2.0
22567,28015,Carroll,MS,-6.6
22583,28017,Chickasaw,MS,0.8
22599,28019,Choctaw,MS,1.2
22615,28021,Claiborne,MS,-0.6
22631,28023,Clarke,MS,-8.0
22647,28025,Clay,MS,-13.8
22663,28027,Coahoma,MS,3.8
22679,28029,Copiah,MS,-4.8
22695,28031,Covington,MS,-4.4
22711,28033,Desoto,MS,-4.2
22727,28035,Forrest,MS,-3.6
22743,28037,Franklin,MS,5.0
22759,28039,George,MS,6.4
22775,28041,Greene,MS,-1.4
22791,28043,Grenada,MS,-3.2
22807,28045,Hancock,MS,10.4
22823,28047,Harrison,MS,4.6
22839,28049,Hinds,MS,-9.0
22855,28051,Holmes,MS,0.0
22871,28053,Humphreys,MS,-4.8
22903,28057,Itawamba,MS,4.8
22919,28059,Jackson,MS,2.4
22935,28061,Jasper,MS,0.0
22951,28063,Jefferson,MS,-7.4
22967,28065,Jefferson Davis,MS,0.2
22983,28067,Jones,MS,-3.2
22999,28069,Kemper,MS,-1.2
23015,28071,Lafayette,MS,-5.0
23031,28073,Lamar,MS,-5.2
23047,28075,Lauderdale,MS,-1.2
23063,28077,Lawrence,MS,-7.6
23079,28079,Leake,MS,-3.4
23095,28081,Lee,MS,2.4
23111,28083,Leflore,MS,-9.0
23127,28085,Lincoln,MS,-2.0
23143,28087,Lowndes,MS,-5.8
23159,28089,Madison,MS,-5.6
23175,28091,Marion,MS,5.4
23191,28093,Marshall,MS,0.2
23207,28095,Monroe,MS,1.8
23223,28097,Montgomery,MS,3.8
23239,28099,Neshoba,MS,-0.8
23255,28101,Newton,MS,-0.4
23271,28103,Noxubee,MS,-3.0
23287,28105,Oktibbeha,MS,-5.8
23303,28107,Panola,MS,-0.8
23319,28109,Pearl River,MS,8.0
23335,28111,Perry,MS,0.0
23351,28113,Pike,MS,-1.8
23367,28115,Pontotoc,MS,5.0
23383,28117,Prentiss,MS,-1.6
23399,28119,Quitman,MS,6.6
23415,28121,Rankin,MS,-0.4
23431,28123,Scott,MS,0.0
23447,28125,Sharkey,MS,-7.4
23463,28127,Simpson,MS,-1.6
23479,28129,Smith,MS,-0.4
23495,28131,Stone,MS,1.4
23511,28133,Sunflower,MS,-2.4
23527,28135,Tallahatchie,MS,-1.0
23543,28137,Tate,MS,-2.2
23559,28139,Tippah,MS,-2.4
23575,28141,Tishomingo,MS,3.6
23591,28143,Tunica,MS,-2.0
23607,28145,Union,MS,-6.0
23623,28147,Walthall,MS,3.0
23639,28149,Warren,MS,-1.8
23655,28151,Washington,MS,-4.8
23671,28153,Wayne,MS,-2.2
23687,28155,Webster,MS,0.4
23703,28157,Wilkinson,MS,-3.0
23719,28159,Winston,MS,6.8
23735,28161,Yalobusha,MS,-0.6
23751,28163,Yazoo,MS,2.6
23767,29001,Adair,MO,4.6
23783,29003,Andrew,MO,-7.0
23799,29005,Atchison,MO,-8.4
23815,29007,Audrain,MO,5.2
23831,29009,Barry,MO,1.6
23847,29011,Barton,MO,-5.8
23863,29013,Bates,MO,5.2
23879,29015,Benton,MO,6.2
23895,29017,Bollinger,MO,-2.8
23911,29019,Boone,MO,2.0
23927,29021,Buchanan,MO,-3.2
23943,29023,Butler,MO,1.8
23959,29025,Caldwell,MO,7.8
23975,29027,Callaway,MO,4.4
23991,29029,Camden,MO,3.8
24007,29031,Cape Girardeau,MO,-1.8
24023,29033,Carroll,MO,8.8
24039,29035,Carter,MO,13.6
24055,29037,Cass,MO,-2.8
24071,29039,Cedar,MO,3.4
24087,29041,Chariton,MO,3.6
24103,29043,Christian,MO,2.8
24119,29045,Clark,MO,-2.8
24135,29047,Clay,MO,-2.0
24151,29049,Clinton,MO,5.4
24167,29051,Cole,MO,-1.0
24183,29053,Cooper,MO,2.2
24199,29055,Crawford,MO,10.6
24215,29057,Dade,MO,2.2
24231,29059,Dallas,MO,11.4
24247,29061,Daviess,MO,2.6
24263,29063,Dekalb,MO,-4.6
24279,29065,Dent,MO,3.4
24311,29069,Dunklin,MO,1.2
24327,29071,Franklin,MO,6.0
24343,29073,Gasconade,MO,3.2
24359,29075,Gentry,MO,7.8
24375,29077,Greene,MO,3.0
24391,29079,Grundy,MO,3.6
24407,29081,Harrison,MO,11.6
24423,29083,Henry,MO,-6.2
24439,29085,Hickory,MO,1.8
24455,29087,Holt,MO,-0.2
24471,29089,Howard,MO,-0.2
24487,29091,Howell,MO,4.8
24503,29093,Iron,MO,5.4
24519,29095,Jackson,MO,2.6
24535,29097,Jasper,MO,-0.8
24551,29099,Jefferson,MO,6.6
24567,29101,Johnson,MO,-4.4
24583,29103,Knox,MO,8.0
24599,29105,Laclede,MO,-1.8
24615,29107,Lafayette,MO,-1.4
24631,29109,Lawrence,MO,7.6
24647,29111,Lewis,MO,-0.2
24663,29113,Lincoln,MO,3.0
24679,29115,Linn,MO,3.6
24695,29117,Livingston,MO,5.0
24711,29119,Mcdonald,MO,3.4
24727,29121,Macon,MO,6.4
24743,29123,Madison,MO,7.4
24759,29125,Maries,MO,7.0
24775,29127,Marion,MO,4.4
24791,29129,Mercer,MO,1.6
24807,29131,Miller,MO,-1.2
24823,29133,Mississippi,MO,-4.4
24839,29135,Moniteau,MO,3.2
24855,29137,Monroe,MO,5.4
24871,29139,Montgomery,MO,7.4
24887,29141,Morgan,MO,7.4
24903,29143,New Madrid,MO,2.4
24919,29145,Newton,MO,-3.6
24935,29147,Nodaway,MO,-5.8
24951,29149,Oregon,MO,3.8
24967,29151,Osage,MO,6.4
24983,29153,Ozark,MO,0.8
24999,29155,Pemiscot,MO,11.4
25015,29157,Perry,MO,-0.2
25031,29159,Pettis,MO,1.8
25047,29161,Phelps,MO,-2.0
25063,29163,Pike,MO,1.4
25079,29165,Platte,MO,-2.0
25095,29167,Polk,MO,8.4
25111,29169,Pulaski,MO,1.6
25127,29171,Putnam,MO,-3.6
25143,29173,Ralls,MO,-7.2
25159,29175,Randolph,MO,5.6
25175,29177,Ray,MO,-0.4
25191,29179,Reynolds,MO,8.2
25207,29181,Ripley,MO,5.0
25223,29183,St Charles,MO,0.2
25239,29185,St Clair,MO,1.6
25255,29186,Ste Genevieve,MO,10.6
25271,29187,St Francois,MO,3.0
25287,29189,St Louis,MO,-2.6
25303,29195,Saline,MO,4.2
25319,29197,Schuyler,MO,2.8
25335,29199,Scotland,MO,-3.0
25351,29201,Scott,MO,2.8
25367,29203,Shannon,MO,8.4
25383,29205,Shelby,MO,9.4
25399,29207,Stoddard,MO,1.4
25415,29209,Stone,MO,2.2
25431,29211,Sullivan,MO,0.0
25447,29213,Taney,MO,-1.8
25463,29215,Texas,MO,-2.8
25479,29217,Vernon,MO,5.6
25495,29219,Warren,MO,4.2
25511,29221,Washington,MO,7.0
25527,29223,Wayne,MO,7.8
25543,29225,Webster,MO,-0.2
25559,29227,Worth,MO,0.6
25575,29229,Wright,MO,-3.8
25591,29510,St Louis City,MO,7.2
25607,30001,Beaverhead,MT,-2.0
25623,30003,Big Horn,MT,0.4
25639,30005,Blaine,MT,5.6
25655,30007,Broadwater,MT,8.8
25671,30009,Carbon,MT,8.2
25687,30011,Carter,MT,-1.8
25703,30013,Cascade,MT,2.6
25719,30015,Chouteau,MT,3.0
25735,30017,Custer,MT,4.0
25751,30019,Daniels,MT,10.6
25767,30021,Dawson,MT,5.4
25783,30023,Deer Lodge,MT,7.0
25799,30025,Fallon,MT,-0.4
25815,30027,Fergus,MT,3.8
25831,30029,Flathead,MT,4.2
25847,30031,Gallatin,MT,-0.4
25863,30033,Garfield,MT,-9.0
25879,30035,Glacier,MT,5.8
25911,30039,Granite,MT,5.0
25927,30041,Hill,MT,7.4
25943,30043,Jefferson,MT,7.0
25959,30045,Judith Basin,MT,-6.4
25975,30047,Lake,MT,2.0
25991,30049,Lewis And Clark,MT,-2.0
26007,30051,Liberty,MT,2.4
26023,30053,Lincoln,MT,0.6
26039,30055,Mccone,MT,-1.8
26055,30057,Madison,MT,3.6
26071,30059,Meagher,MT,-2.0
26087,30061,Mineral,MT,7.0
26103,30063,Missoula,MT,5.6
26119,30065,Musselshell,MT,-6.2
26135,30067,Park,MT,7.6
26167,30071,Phillips,MT,-0.4
26183,30073,Pondera,MT,7.2
26199,30075,Powder River,MT,-0.6
26215,30077,Powell,MT,1.6
26231,30079,Prairie,MT,1.8
26247,30081,Ravalli,MT,-6.2
26263,30083,Richland,MT,9.0
26279,30085,Roosevelt,MT,1.6
26295,30087,Rosebud,MT,2.2
26311,30089,Sanders,MT,-1.6
26327,30091,Sheridan,MT,9.0
26343,30093,Silver Bow,MT,7.8
26359,30095,Stillwater,MT,-2.6
26375,30097,Sweet Grass,MT,-2.2
26391,30099,Teton,MT,-2.6
26407,30101,Toole,MT,3.0
26423,30103,Treasure,MT,-4.4
26439,30105,Valley,MT,-5.2
26487,30111,Yellowstone,MT,0.8
26503,31001,Adams,NE,-3.8
26519,31003,Antelope,NE,-1.0
26583,31011,Boone,NE,-6.2
26599,31013,Box Butte,NE,8.0
26615,31015,Boyd,NE,-2.6
26631,31017,Brown,NE,-6.8
26647,31019,Buffalo,NE,-8.0
26663,31021,Burt,NE,-6.8
26679,31023,Butler,NE,-4.2
26695,31025,Cass,NE,-5.4
26711,31027,Cedar,NE,-6.8
26727,31029,Chase,NE,-4.4
26743,31031,Cherry,NE,-6.6
26759,31033,Cheyenne,NE,3.6
26775,31035,Clay,NE,-10.0
26791,31037,Colfax,NE,-3.8
26807,31039,Cuming,NE,-1.8
26823,31041,Custer,NE,2.6
26839,31043,Dakota,NE,-1.8
26855,31045,Dawes,NE,4.2
26871,31047,Dawson,NE,-1.8
26887,31049,Deuel,NE,2.4
26903,31051,Dixon,NE,-1.8
26919,31053,Dodge,NE,-3.6
26935,31055,Douglas,NE,-2.2
26951,31057,Dundy,NE,-8.2
26967,31059,Fillmore,NE,-2.6
26983,31061,Franklin,NE,-11.2
26999,31063,Frontier,NE,-13.2
27015,31065,Furnas,NE,1.8
27031,31067,Gage,NE,-2.6
27047,31069,Garden,NE,-5.8
27063,31071,Garfield,NE,3.8
27079,31073,Gosper,NE,-7.4
27127,31079,Hall,NE,-4.8
27143,31081,Hamilton,NE,-4.8
27159,31083,Harlan,NE,4.0
27191,31087,Hitchcock,NE,7.8
27207,31089,Holt,NE,-6.2
27223,31091,Hooker,NE,-5.4
27239,31093,Howard,NE,-0.4
27255,31095,Jefferson,NE,-1.0
27271,31097,Johnson,NE,3.0
27287,31099,Kearney,NE,-0.6
27303,31101,Keith,NE,-2.6
27335,31105,Kimball,NE,5.0
27351,31107,Knox,NE,1.2
27367,31109,Lancaster,NE,-1.4
27383,31111,Lincoln,NE,-1.4
27447,31119,Madison,NE,-4.4
27463,31121,Merrick,NE,3.4
27479,31123,Morrill,NE,-4.6
27495,31125,Nance,NE,-0.4
27511,31127,Nemaha,NE,4.6
27527,31129,Nuckolls,NE,1.0
27543,31131,Otoe,NE,-4.6
27559,31133,Pawnee,NE,7.2
27575,31135,Perkins,NE,0.0
27591,31137,Phelps,NE,-1.4
27607,31139,Pierce,NE,-9.6
27623,31141,Platte,NE,-5.6
27639,31143,Polk,NE,-4.2
27655,31145,Red Willow,NE,3.4
27671,31147,Richardson,NE,4.2
27687,31149,Rock,NE,-6.2
27703,31151,Saline,NE,-4.8
27719,31153,Sarpy,NE,-4.0
27735,31155,Saunders,NE,-7.8
27751,31157,Scotts Bluff,NE,-4.6
27767,31159,Seward,NE,-6.6
27783,31161,Sheridan,NE,0.8
27831,31167,Stanton,NE,-4.6
27847,31169,Thayer,NE,-4.2
27879,31173,Thurston,NE,5.6
27895,31175,Valley,NE,8.4
27911,31177,Washington,NE,-5.2
27927,31179,Wayne,NE,-1.0
27943,31181,Webster,NE,-4.2
27975,31185,York,NE,-3.2
27991,32001,Churchill,NV,7.4
28007,32003,Clark,NV,1.4
28023,32005,Douglas,NV,2.4
28039,32007,Elko,NV,2.0
28071,32011,Eureka,NV,0.2
28087,32013,Humboldt,NV,-2.2
28103,32015,Lander,NV,4.2
28119,32017,Lincoln,NV,4.2
28135,32019,Lyon,NV,3.6
28151,32021,Mineral,NV,3.4
28167,32023,Nye,NV,1.4
28183,32027,Pershing,NV,1.4
28215,32031,Washoe,NV,2.0
28231,32033,White Pine,NV,2.0
28247,32510,Carson City,NV,10.2
28263,33001,Belknap,NH,7.4
28279,33003,Carroll,NH,8.0
28295,33005,Cheshire,NH,1.0
28311,33007,Coos,NH,2.2
28327,33009,Grafton,NH,0.4
28343,33011,Hillscounty,NH,2.8
28359,33013,Merrimack,NH,4.2
28375,33015,Rockingham,NH,0.6
28391,33017,Strafford,NH,-0.6
28407,33019,Sullivan,NH,5.8
28423,34001,Atlantic,NJ,7.0
28439,34003,Bergen,NJ,-2.6
28455,34005,Burlington,NJ,1.6
28471,34007,Camden,NJ,2.4
28487,34009,Cape May,NJ,4.4
28503,34011,Cumberland,NJ,5.4
28519,34013,Essex,NJ,4.0
28535,34015,Gloucester,NJ,7.6
28551,34017,Hudson,NJ,-0.2
28567,34019,Hunterdon,NJ,0.2
28583,34021,Mercer,NJ,-1.6
28599,34023,Middlesex,NJ,-0.8
28615,34025,Monmouth,NJ,0.8
28631,34027,Morris,NJ,-0.8
28647,34029,Ocean,NJ,0.6
28663,34031,Passaic,NJ,1.0
28679,34033,Salem,NJ,6.8
28695,34035,Somerset,NJ,-1.4
28711,34037,Sussex,NJ,-1.0
28727,34039,Union,NJ,-1.2
28743,34041,Warren,NJ,2.6
28759,35001,Bernalillo,NM,0.6
28775,35003,Catron,NM,3.6
28791,35005,Chaves,NM,6.8
28807,35006,Cibola,NM,4.8
28823,35007,Colfax,NM,4.0
28839,35009,Curry,NM,2.8
28855,35011,Debaca,NM,8.8
28871,35013,Dona Ana,NM,9.0
28887,35015,Eddy,NM,5.2
28903,35017,Grant,NM,6.2
28919,35019,Guadalupe,NM,7.2
28935,35021,Harding,NM,5.8
28951,35023,Hidalgo,NM,2.0
28967,35025,Lea,NM,6.2
28983,35027,Lincoln,NM,6.4
28999,35028,Los Alamos,NM,5.8
29015,35029,Luna,NM,6.2
29031,35031,Mckinley,NM,4.2
29047,35033,Mora,NM,7.6
29063,35035,Otero,NM,5.4
29079,35037,Quay,NM,7.0
29095,35039,Rio Arriba,NM,4.8
29111,35041,Roosevelt,NM,5.4
29127,35043,Sandoval,NM,7.6
29143,35045,San Juan,NM,4.0
29159,35047,San Miguel,NM,9.4
29175,35049,Santa Fe,NM,5.2
29191,35051,Sierra,NM,4.8
29207,35053,Socorro,NM,1.4
29223,35055,Taos,NM,4.2
29239,35057,Torrance,NM,5.8
29255,35059,Union,NM,3.2
29271,35061,Valencia,NM,10.6
29287,36001,Albany,NY,0.6
29303,36003,Allegany,NY,-4.8
29319,36005,Bronx,NY,2.8
29335,36007,Broome,NY,-5.0
29351,36009,Cattaraugus,NY,-0.4
29367,36011,Cayuga,NY,0.6
29383,36013,Chautauqua,NY,-5.8
29399,36015,Chemung,NY,0.6
29415,36017,Chenango,NY,-3.4
29431,36019,Clinton,NY,-2.2
29447,36021,Columbia,NY,1.6
29463,36023,Cortland,NY,-2.6
29479,36025,Delaware,NY,0.4
29495,36027,Dutchess,NY,0.8
29511,36029,Erie,NY,-4.2
29527,36031,Essex,NY,-3.0
29543,36033,Franklin,NY,-4.2
29559,36035,Fulton,NY,-2.2
29575,36037,Genesee,NY,-5.6
29591,36039,Greene,NY,-3.4
29607,36041,Hamilton,NY,-3.4
29623,36043,Herkimer,NY,1.0
29639,36045,Jefferson,NY,0.0
29655,36047,Kings,NY,1.4
29671,36049,Lewis,NY,-0.4
29687,36051,Livingston,NY,-4.0
29703,36053,Madison,NY,-0.6
29719,36055,Monroe,NY,-4.0
29735,36057,Montgomery,NY,-4.4
29751,36059,Nassau,NY,-1.8
29767,36061,New York,NY,3.6
29783,36063,Niagara,NY,0.6
29799,36065,Oneida,NY,0.0
29815,36067,Onondaga,NY,-0.4
29831,36069,Ontario,NY,-0.4
29847,36071,Orange,NY,-3.0
29863,36073,Orleans,NY,-4.6
29879,36075,Oswego,NY,0.6
29895,36077,Otsego,NY,-3.6
29911,36079,Putnam,NY,0.6
29927,36081,Queens,NY,0.0
29943,36083,Rensselaer,NY,-0.4
29959,36085,Richmond,NY,5.6
29975,36087,Rockland,NY,1.4
29991,36089,St Lawrence,NY,-3.4
30007,36091,Saratoga,NY,-0.8
30023,36093,Schenectady,NY,0.4
30039,36095,Schoharie,NY,-3.2
30055,36097,Schuyler,NY,-3.6
30071,36099,Seneca,NY,-1.0
30087,36101,Steuben,NY,-0.6
30103,36103,Suffolk,NY,-0.8
30119,36105,Sullivan,NY,1.4
30135,36107,Tioga,NY,-0.8
30151,36109,Tompkins,NY,-0.4
30167,36111,Ulster,NY,-2.8
30183,36113,Warren,NY,-2.4
30199,36115,Washington,NY,-1.4
30215,36117,Wayne,NY,-0.2
30231,36119,Westchester,NY,-1.2
30247,36121,Wyoming,NY,-3.8
30263,36123,Yates,NY,-0.6
30279,37001,Alamance,NC,2.8
30295,37003,Alexander,NC,5.8
30311,37005,Alleghany,NC,10.2
30327,37007,Anson,NC,-0.6
30343,37009,Ashe,NC,8.0
30359,37011,Avery,NC,3.8
30375,37013,Beaufort,NC,-1.4
30391,37015,Bertie,NC,-6.0
30407,37017,Bladen,NC,0.6
30423,37019,Brunswick,NC,1.4
30439,37021,Buncombe,NC,3.6
30455,37023,Burke,NC,5.2
30471,37025,Cabarrus,NC,1.8
30487,37027,Caldwell,NC,6.0
30519,37031,Carteret,NC,6.6
30535,37033,Caswell,NC,6.8
30551,37035,Catawba,NC,3.0
30567,37037,Chatham,NC,-0.4
30583,37039,Cherokee,NC,3.8
30599,37041,Chowan,NC,3.6
30615,37043,Clay,NC,2.2
30631,37045,Cleveland,NC,3.8
30647,37047,Columbus,NC,5.0
30663,37049,Craven,NC,4.8
30679,37051,Cumberland,NC,-0.4
30695,37053,Currituck,NC,0.0
30711,37055,Dare,NC,1.8
30727,37057,Davidson,NC,5.4
30743,37059,Davie,NC,5.6
30759,37061,Duplin,NC,-3.2
30775,37063,Durham,NC,-1.6
30791,37065,Edgecombe,NC,1.8
30807,37067,Forsyth,NC,-1.2
30823,37069,Franklin,NC,-2.0
30839,37071,Gaston,NC,7.4
30855,37073,Gates,NC,-2.4
30871,37075,Graham,NC,7.6
30887,37077,Granville,NC,1.0
30903,37079,Greene,NC,-0.2
30919,37081,Guilford,NC,-3.0
30935,37083,Halifax,NC,4.0
30951,37085,Harnett,NC,-2.4
30967,37087,Haywood,NC,4.6
30983,37089,Henderson,NC,3.2
30999,37091,Hertford,NC,-3.6
31015,37093,Hoke,NC,-4.4
31031,37095,Hyde,NC,-2.6
31047,37097,Iredell,NC,3.8
31063,37099,Jackson,NC,8.6
31079,37101,Johnston,NC,-4.6
31095,37103,Jones,NC,4.2
31111,37105,Lee,NC,3.0
31127,37107,Lenoir,NC,-2.0
31143,37109,Lincoln,NC,3.4
31159,37111,Mcdowell,NC,2.0
31175,37113,Macon,NC,11.0
31191,37115,Madison,NC,5.4
31207,37117,Martin,NC,3.0
31223,37119,Mecklenburg,NC,-2.2
31239,37121,Mitchell,NC,3.4
31255,37123,Montgomery,NC,-3.6
31271,37125,Moore,NC,2.4
31287,37127,Nash,NC,0.0
31303,37129,New Hanover,NC,2.6
31319,37131,Northampton,NC,1.4
31335,37133,Onslow,NC,0.2
31351,37135,Orange,NC,2.6
31367,37137,Pamlico,NC,8.0
31383,37139,Pasquotank,NC,-2.8
31399,37141,Pender,NC,-3.4
31415,37143,Perquimans,NC,5.6
31431,37145,Person,NC,4.8
31447,37147,Pitt,NC,-0.4
31463,37149,Polk,NC,7.8
31479,37151,Randolph,NC,0.6
31495,37153,Richmond,NC,4.4
31511,37155,Robeson,NC,-0.4
31527,37157,Rockingham,NC,3.0
31543,37159,Rowan,NC,6.0
31559,37161,Rutherford,NC,7.6
31575,37163,Sampson,NC,3.8
31591,37165,Scotland,NC,1.0
31607,37167,Stanly,NC,3.8
31623,37169,Stokes,NC,9.4
31639,37171,Surry,NC,1.6
31655,37173,Swain,NC,1.6
31671,37175,Transylvania,NC,12.0
31687,37177,Tyrrell,NC,-1.2
31703,37179,Union,NC,-3.4
31719,37181,Vance,NC,7.2
31735,37183,Wake,NC,-5.2
31751,37185,Warren,NC,-1.4
31767,37187,Washington,NC,-3.8
31783,37189,Watauga,NC,-1.4
31799,37191,Wayne,NC,-1.8
31815,37193,Wilkes,NC,10.2
31831,37195,Wilson,NC,-3.0
31847,37197,Yadkin,NC,8.8
31863,37199,Yancey,NC,8.8
31879,38001,Adams,ND,-2.4
31895,38003,Barnes,ND,0.0
31943,38009,Bottineau,ND,-1.4
31959,38011,Bowman,ND,-5.0
31991,38015,Burleigh,ND,-2.6
32007,38017,Cass,ND,-5.0
32023,38019,Cavalier,ND,-5.0
32039,38021,Dickey,ND,-2.6
32055,38023,Divide,ND,-3.2
32071,38025,Dunn,ND,-7.6
32087,38027,Eddy,ND,-10.8
32103,38029,Emmons,ND,-3.6
32119,38031,Foster,ND,-5.4
32135,38033,Golden Valley,ND,-10.0
32151,38035,Grand Forks,ND,-3.4
32167,38037,Grant,ND,-3.0
32183,38039,Griggs,ND,-3.2
32199,38041,Hettinger,ND,-0.6
32215,38043,Kidder,ND,-4.4
32231,38045,Lamoure,ND,-14.2
32263,38049,Mchenry,ND,-6.8
32279,38051,Mcintosh,ND,-0.6
32295,38053,Mckenzie,ND,4.4
32311,38055,Mclean,ND,-1.0
32327,38057,Mercer,ND,-1.8
32343,38059,Morton,ND,-0.6
32359,38061,Mountrail,ND,-2.8
32375,38063,Nelson,ND,-2.2
32391,38065,Oliver,ND,1.8
32407,38067,Pembina,ND,1.2
32423,38069,Pierce,ND,1.6
32439,38071,Ramsey,ND,0.0
32455,38073,Ransom,ND,-2.2
32471,38075,Renville,ND,-11.2
32487,38077,Richland,ND,-3.0
32503,38079,Rolette,ND,0.2
32535,38083,Sheridan,ND,-9.0
32551,38085,Sioux,ND,-1.4
32583,38089,Stark,ND,2.0
32615,38093,Stutsman,ND,-1.8
32631,38095,Towner,ND,-2.6
32647,38097,Traill,ND,-4.6
32663,38099,Walsh,ND,0.6
32679,38101,Ward,ND,-1.8
32695,38103,Wells,ND,-9.6
32711,38105,Williams,ND,0.0
32727,39001,Adams,OH,7.8
32743,39003,Allen,OH,-2.8
32759,39005,Ashland,OH,-0.6
32775,39007,Ashtabula,OH,0.6
32791,39009,Athens,OH,5.2
32807,39011,Auglaize,OH,3.2
32823,39013,Belmont,OH,-1.2
32839,39015,Brown,OH,9.2
32855,39017,Butler,OH,3.6
32871,39019,Carroll,OH,6.8
32887,39021,Champaign,OH,2.6
32903,39023,Clark,OH,6.6
32919,39025,Clermont,OH,5.0
32935,39027,Clinton,OH,11.4
32951,39029,Columbiana,OH,5.0
32967,39031,Coshocton,OH,2.0
32983,39033,Crawford,OH,2.8
32999,39035,Cuyahoga,OH,1.2
33015,39037,Darke,OH,5.2
33031,39039,Defiance,OH,-0.4
33047,39041,Delaware,OH,-7.8
33063,39043,Erie,OH,-1.4
33079,39045,Fairfield,OH,-1.6
33095,39047,Fayette,OH,2.2
33111,39049,Franklin,OH,1.2
33127,39051,Fulton,OH,-5.6
33143,39053,Gallia,OH,5.0
33159,39055,Geauga,OH,-1.2
33175,39057,Greene,OH,4.0
33191,39059,Guernsey,OH,-2.8
33207,39061,Hamilton,OH,0.0
33223,39063,Hancock,OH,-4.0
33239,39065,Hardin,OH,5.6
33255,39067,Harrison,OH,4.2
33271,39069,Henry,OH,0.2
33287,39071,Highland,OH,0.2
33303,39073,Hocking,OH,8.8
33319,39075,Holmes,OH,-1.8
33335,39077,Huron,OH,0.0
33351,39079,Jackson,OH,7.0
33367,39081,Jefferson,OH,2.6
33383,39083,Knox,OH,0.6
33399,39085,Lake,OH,2.2
33415,39087,Lawrence,OH,8.2
33431,39089,Licking,OH,1.8
33447,39091,Logan,OH,2.0
33463,39093,Lorain,OH,-2.2
33479,39095,Lucas,OH,2.6
33495,39097,Madison,OH,2.6
33511,39099,Mahoning,OH,5.0
33527,39101,Marion,OH,-0.6
33543,39103,Medina,OH,-7.2
33559,39105,Meigs,OH,2.4
33575,39107,Mercer,OH,-2.6
33591,39109,Miami,OH,-0.6
33607,39111,Monroe,OH,4.2
33623,39113,Montgomery,OH,2.4
33639,39115,Morgan,OH,2.4
33655,39117,Morrow,OH,-1.0
33671,39119,Muskingum,OH,1.6
33687,39121,Noble,OH,0.0
33703,39123,Ottawa,OH,2.2
33719,39125,Paulding,OH,2.4
33735,39127,Perry,OH,-1.4
33751,39129,Pickaway,OH,1.6
33767,39131,Pike,OH,5.0
33783,39133,Portage,OH,-0.4
33799,39135,Preble,OH,6.4
33815,39137,Putnam,OH,-2.2
33831,39139,Richland,OH,3.8
33847,39143,Sandusky,OH,-6.0
33863,39145,Scioto,OH,4.2
33879,39147,Seneca,OH,1.2
33895,39149,Shelby,OH,0.6
33911,39151,Stark,OH,-2.4
33927,39153,Summit,OH,-3.0
33943,39155,Trumbull,OH,3.8
33959,39157,Tuscarawas,OH,-7.2
33975,39159,Union,OH,-3.8
33991,39161,Van Wert,OH,0.6
34007,39163,Vinton,OH,4.8
34023,39165,Warren,OH,0.6
34039,39167,Washington,OH,0.6
34055,39169,Wayne,OH,-4.6
34071,39171,Williams,OH,-2.4
34087,39173,Wood,OH,-5.0
34103,39175,Wyandot,OH,-1.0
34119,40001,Adair,OK,-3.6
34135,40003,Alfalfa,OK,13.2
34151,40005,Atoka,OK,8.8
34167,40007,Beaver,OK,6.4
34183,40009,Beckham,OK,3.0
34199,40011,Blaine,OK,6.8
34215,40013,Bryan,OK,4.2
34231,40015,Caddo,OK,6.2
34247,40017,Canadian,OK,0.8
34263,40019,Carter,OK,6.2
34279,40021,Cherokee,OK,3.6
34295,40023,Choctaw,OK,0.6
34311,40025,Cimarron,OK,12.4
34327,40027,Cleveland,OK,3.8
34343,40029,Coal,OK,10.6
34359,40031,Comanche,OK,-2.0
34375,40033,Cotton,OK,3.8
34391,40035,Craig,OK,4.2
34407,40037,Creek,OK,7.4
34423,40039,Custer,OK,2.8
34439,40041,Delaware,OK,9.8
34455,40043,Dewey,OK,10.8
34471,40045,Ellis,OK,11.8
34487,40047,Garfield,OK,-3.0
34503,40049,Garvin,OK,5.2
34519,40051,Grady,OK,4.0
34535,40053,Grant,OK,-0.4
34551,40055,Greer,OK,5.4
34567,40057,Harmon,OK,2.6
34583,40059,Harper,OK,9.6
34599,40061,Haskell,OK,5.8
34615,40063,Hughes,OK,4.0
34631,40065,Jackson,OK,-0.4
34647,40067,Jefferson,OK,6.0
34663,40069,Johnston,OK,1.4
34679,40071,Kay,OK,2.8
34695,40073,Kingfisher,OK,-1.8
34711,40075,Kiowa,OK,10.6
34727,40077,Latimer,OK,1.4
34743,40079,Le Flore,OK,6.4
34759,40081,Lincoln,OK,3.8
34775,40083,Logan,OK,-2.0
34791,40085,Love,OK,1.6
34807,40087,Mcclain,OK,3.0
34823,40089,Mccurtain,OK,5.2
34839,40091,Mcintosh,OK,7.2
34855,40093,Major,OK,0.4
34871,40095,Marshall,OK,7.4
34887,40097,Mayes,OK,7.0
34903,40099,Murray,OK,1.0
34919,40101,Muskogee,OK,4.4
34935,40103,Noble,OK,9.4
34951,40105,Nowata,OK,9.2
34967,40107,Okfuskee,OK,8.0
34983,40109,Oklahoma,OK,0.8
34999,40111,Okmulgee,OK,4.6
35015,40113,Osage,OK,-0.6
35031,40115,Ottawa,OK,3.2
35047,40117,Pawnee,OK,3.8
35063,40119,Payne,OK,-5.2
35079,40121,Pittsburg,OK,2.2
35095,40123,Pontotoc,OK,6.0
35111,40125,Pottawatomie,OK,3.6
35127,40127,Pushmataha,OK,10.2
35143,40129,Roger Mills,OK,-7.0
35159,40131,Rogers,OK,4.4
35175,40133,Seminole,OK,11.2
35191,40135,Sequoyah,OK,2.8
35207,40137,Stephens,OK,2.2
35223,40139,Texas,OK,0.0
35239,40141,Tillman,OK,6.2
35255,40143,Tulsa,OK,3.6
35271,40145,Wagoner,OK,9.6
35287,40147,Washington,OK,5.8
35303,40149,Washita,OK,5.8
35319,40151,Woods,OK,1.4
35335,40153,Woodward,OK,-0.8
35351,41001,Baker,OR,0.8
35367,41003,Benton,OR,-4.0
35383,41005,Clackamas,OR,-1.4
35399,41007,Clatsop,OR,2.8
35415,41009,Columbia,OR,-0.8
35431,41011,Coos,OR,1.0
35447,41013,Crook,OR,0.8
35463,41015,Curry,OR,1.0
35479,41017,Deschutes,OR,-1.6
35495,41019,Douglas,OR,1.4
35511,41021,Gilliam,OR,-2.4
35527,41023,Grant,OR,0.8
35543,41025,Harney,OR,4.0
35559,41027,Hood River,OR,-4.6
35575,41029,Jackson,OR,2.6
35591,41031,Jefferson,OR,-2.4
35607,41033,Josephine,OR,2.2
35623,41035,Klamath,OR,0.8
35639,41037,Lake,OR,1.2
35655,41039,Lane,OR,2.0
35671,41041,Lincoln,OR,0.2
35687,41043,Linn,OR,2.8
35703,41045,Malheur,OR,-2.6
35719,41047,Marion,OR,-0.4
35735,41049,Morrow,OR,-6.0
35751,41051,Multnomah,OR,2.2
35767,41053,Polk,OR,-1.2
35783,41055,Sherman,OR,-4.6
35799,41057,Tillamook,OR,-1.2
35815,41059,Umatilla,OR,-1.2
35831,41061,Union,OR,-0.6
35847,41063,Wallowa,OR,-0.2
35863,41065,Wasco,OR,-0.8
35879,41067,Washington,OR,-3.2
35895,41069,Wheeler,OR,3.6
35911,41071,Yamhill,OR,0.2
35927,42001,Adams,PA,2.2
35943,42003,Allegheny,PA,2.2
35959,42005,Armstrong,PA,3.4
35975,42007,Beaver,PA,5.2
35991,42009,Bedford,PA,8.0
36007,42011,Berks,PA,0.8
36023,42013,Blair,PA,6.8
36039,42015,Bradford,PA,-1.2
36055,42017,Bucks,PA,6.4
36071,42019,Butler,PA,0.4
36087,42021,Cambria,PA,2.8
36103,42023,Cameron,PA,2.0
36119,42025,Carbon,PA,2.2
36135,42027,Centre,PA,-2.2
36151,42029,Chester,PA,1.6
36167,42031,Clarion,PA,-0.8
36183,42033,Clearfield,PA,-0.2
36199,42035,Clinton,PA,-0.8
36215,42037,Columbia,PA,-3.2
36231,42039,Crawford,PA,-2.8
36247,42041,Cumberland,PA,-3.4
36263,42043,Dauphin,PA,-0.6
36279,42045,Delaware,PA,4.6
36295,42047,Elk,PA,6.2
36311,42049,Erie,PA,1.8
36327,42051,Fayette,PA,7.2
36343,42053,Forest,PA,4.8
36359,42055,Franklin,PA,-1.0
36375,42057,Fulton,PA,2.4
36391,42059,Greene,PA,10.0
36407,42061,Huntingdon,PA,-1.6
36423,42063,Indiana,PA,1.2
36439,42065,Jefferson,PA,2.6
36455,42067,Juniata,PA,-1.4
36471,42069,Lackawanna,PA,7.2
36487,42071,Lancaster,PA,-0.4
36503,42073,Lawrence,PA,2.0
36519,42075,Lebanon,PA,-2.8
36535,42077,Lehigh,PA,3.0
36551,42079,Luzerne,PA,4.6
36567,42081,Lycoming,PA,-1.8
36583,42083,Mc Kean,PA,-1.2
36599,42085,Mercer,PA,6.4
36615,42087,Mifflin,PA,5.8
36631,42089,Monroe,PA,1.2
36647,42091,Montgomery,PA,1.2
36663,42093,Montour,PA,6.8
36679,42095,Northampton,PA,2.8
36695,42097,Northumberland,PA,-1.4
36711,42099,Perry,PA,2.0
36727,42101,Philadelphia,PA,0.2
36743,42103,Pike,PA,4.4
36759,42105,Potter,PA,-5.8
36775,42107,Schuylkill,PA,4.0
36791,42109,Snyder,PA,-2.0
36807,42111,Somerset,PA,4.6
36823,42113,Sullivan,PA,8.0
36839,42115,Susquehanna,PA,4.0
36855,42117,Tioga,PA,-3.2
36871,42119,Union,PA,-4.0
36887,42121,Venango,PA,3.2
36903,42123,Warren,PA,-1.4
36919,42125,Washington,PA,3.8
36935,42127,Wayne,PA,8.8
36951,42129,Westmoreland,PA,2.0
36967,42131,Wyoming,PA,6.6
36983,42133,York,PA,-0.8
36999,44001,Bristol,RI,5.2
37015,44003,Kent,RI,9.6
37031,44005,Newport,RI,-0.4
37047,44007,Providence,RI,8.4
37063,44009,Washington,RI,9.6
37079,45001,Abbeville,SC,-2.4
37095,45003,Aiken,SC,1.8
37111,45005,Allendale,SC,-3.4
37127,45007,Anderson,SC,5.0
37143,45009,Bamberg,SC,4.0
37159,45011,Barnwell,SC,2.4
37175,45013,Beaufort,SC,-2.4
37191,45015,Berkeley,SC,0.6
37207,45017,Calhoun,SC,-6.0
37223,45019,Charleston,SC,1.2
37239,45021,Cherokee,SC,1.6
37255,45023,Chester,SC,-3.2
37271,45025,Chesterfield,SC,0.0
37287,45027,Clarendon,SC,-1.8
37303,45029,Colleton,SC,5.0
37319,45031,Darlington,SC,-1.2
37335,45033,Dillon,SC,-6.2
37351,45035,Dorchester,SC,-4.6
37367,45037,Edgefield,SC,-0.2
37383,45039,Fairfield,SC,-4.6
37399,45041,Florence,SC,-4.2
37415,45043,Georgetown,SC,-3.0
37431,45045,Greenville,SC,-0.2
37447,45047,Greenwood,SC,-2.6
37463,45049,Hampton,SC,-1.2
37479,45051,Horry,SC,0.6
37495,45053,Jasper,SC,-0.2
37511,45055,Kershaw,SC,-1.8
37527,45057,Lancaster,SC,-0.6
37543,45059,Laurens,SC,4.6
37559,45061,Lee,SC,-2.4
37575,45063,Lexington,SC,1.6
37591,45065,Mccormick,SC,0.8
37607,45067,Marion,SC,-0.4
37623,45069,Marlboro,SC,-1.6
37639,45071,Newberry,SC,0.2
37655,45073,Oconee,SC,9.2
37671,45075,Orangeburg,SC,-6.6
37687,45077,Pickens,SC,5.8
37703,45079,Richland,SC,-2.0
37719,45081,Saluda,SC,0.2
37735,45083,Spartanburg,SC,4.2
37751,45085,Sumter,SC,-4.4
37767,45087,Union,SC,2.6
37783,45089,Williamsburg,SC,0.6
37799,45091,York,SC,-1.0
37815,46003,Aurora,SD,-11.6
37831,46005,Beadle,SD,-0.6
37847,46007,Bennett,SD,-11.2
37863,46009,Bon Homme,SD,-10.2
37879,46011,Brookings,SD,-5.6
37895,46013,Brown,SD,-2.8
37911,46015,Brule,SD,-1.8
37927,46017,Buffalo,SD,4.8
37943,46019,Butte,SD,-2.6
37975,46023,Charles Mix,SD,-6.0
37991,46025,Clark,SD,-9.0
38007,46027,Clay,SD,-2.0
38023,46029,Codington,SD,-7.8
38039,46031,Corson,SD,7.4
38055,46033,Custer,SD,5.0
38071,46035,Davison,SD,-4.0
38087,46037,Day,SD,-3.6
38103,46039,Deuel,SD,1.6
38119,46041,Dewey,SD,2.8
38135,46043,Douglas,SD,-8.4
38151,46045,Edmunds,SD,-6.6
38167,46047,Fall River,SD,6.8
38183,46049,Faulk,SD,-5.6
38199,46051,Grant,SD,4.4
38215,46053,Gregory,SD,-1.0
38231,46055,Haakon,SD,-6.8
38247,46057,Hamlin,SD,-5.8
38263,46059,Hand,SD,-3.6
38295,46063,Harding,SD,-7.8
38311,46065,Hughes,SD,-7.8
38327,46067,Hutchinson,SD,-4.0
38343,46069,Hyde,SD,-13.2
38359,46071,Jackson,SD,-13.0
38375,46073,Jerauld,SD,-10.6
38391,46075,Jones,SD,-7.4
38407,46077,Kingsbury,SD,-11.4
38423,46079,Lake,SD,-6.4
38439,46081,Lawrence,SD,-0.4
38455,46083,Lincoln,SD,-4.2
38471,46085,Lyman,SD,-6.6
38487,46087,Mccook,SD,-6.0
38503,46089,Mcpherson,SD,-7.6
38519,46091,Marshall,SD,1.2
38535,46093,Meade,SD,1.4
38551,46095,Mellette,SD,3.0
38567,46097,Miner,SD,-6.2
38583,46099,Minnehaha,SD,-0.4
38599,46101,Moody,SD,0.2
38615,46103,Pennington,SD,1.0
38631,46105,Perkins,SD,9.8
38647,46107,Potter,SD,-8.6
38663,46109,Roberts,SD,0.2
38679,46111,Sanborn,SD,-12.6
38695,46113,Shannon,SD,1.4
38711,46115,Spink,SD,1.0
38727,46117,Stanley,SD,-10.6
38743,46119,Sully,SD,-15.6
38759,46121,Todd,SD,6.2
38775,46123,Tripp,SD,-9.6
38791,46125,Turner,SD,-7.8
38807,46127,Union,SD,-13.2
38823,46129,Walworth,SD,-1.6
38839,46135,Yankton,SD,-5.2
38871,47001,Anderson,TN,6.0
38887,47003,Bedford,TN,3.8
38903,47005,Benton,TN,1.2
38919,47007,Bledsoe,TN,3.4
38935,47009,Blount,TN,2.8
38951,47011,Bradley,TN,2.4
38967,47013,Campbell,TN,9.8
38983,47015,Cannon,TN,7.4
38999,47017,Carroll,TN,1.8
39015,47019,Carter,TN,7.8
39031,47021,Cheatham,TN,10.8
39047,47023,Chester,TN,-1.0
39063,47025,Claiborne,TN,1.6
39079,47027,Clay,TN,1.0
39095,47029,Cocke,TN,11.2
39111,47031,Coffee,TN,0.6
39127,47033,Crockett,TN,-3.4
39143,47035,Cumberland,TN,6.0
39159,47037,Davidson,TN,2.0
39175,47039,Decatur,TN,9.2
39191,47041,Dekalb,TN,11.4
39207,47043,Dickson,TN,0.4
39223,47045,Dyer,TN,-1.2
39239,47047,Fayette,TN,3.2
39255,47049,Fentress,TN,5.8
39271,47051,Franklin,TN,-0.6
39287,47053,Gibson,TN,1.2
39303,47055,Giles,TN,4.6
39319,47057,Grainger,TN,10.6
39335,47059,Greene,TN,1.6
39351,47061,Grundy,TN,0.2
39367,47063,Hamblen,TN,5.6
39383,47065,Hamilton,TN,1.4
39399,47067,Hancock,TN,9.0
39415,47069,Hardeman,TN,-2.2
39431,47071,Hardin,TN,4.8
39447,47073,Hawkins,TN,8.4
39463,47075,Haywood,TN,-0.6
39479,47077,Henderson,TN,10.2
39495,47079,Henry,TN,5.6
39511,47081,Hickman,TN,5.6
39527,47083,Houston,TN,8.2
39543,47085,Humphreys,TN,4.2
39559,47087,Jackson,TN,9.2
39575,47089,Jefferson,TN,6.8
39591,47091,Johnson,TN,1.2
39607,47093,Knox,TN,0.2
39623,47095,Lake,TN,2.4
39639,47097,Lauderdale,TN,2.0
39655,47099,Lawrence,TN,4.2
39671,47101,Lewis,TN,2.8
39687,47103,Lincoln,TN,4.0
39703,47105,Loudon,TN,8.0
39719,47107,Mcminn,TN,3.2
39735,47109,Mcnairy,TN,6.8
39751,47111,Macon,TN,8.6
39767,47113,Madison,TN,-6.6
39783,47115,Marion,TN,-2.8
39799,47117,Marshall,TN,1.2
39815,47119,Maury,TN,2.6
39831,47121,Meigs,TN,9.8
39847,47123,Monroe,TN,-0.4
39863,47125,Montgomery,TN,-3.4
39879,47127,Moore,TN,2.6
39895,47129,Morgan,TN,1.0
39911,47131,Obion,TN,4.4
39927,47133,Overton,TN,4.6
39943,47135,Perry,TN,9.4
39959,47137,Pickett,TN,10.8
39975,47139,Polk,TN,5.8
39991,47141,Putnam,TN,6.4
40007,47143,Rhea,TN,6.0
40023,47145,Roane,TN,6.2
40039,47147,Robertson,TN,-2.2
40055,47149,Rutherford,TN,-1.6
40071,47151,Scott,TN,1.2
40087,47153,Sequatchie,TN,7.6
40103,47155,Sevier,TN,4.4
40119,47157,Shelby,TN,2.0
40135,47159,Smith,TN,7.6
40151,47161,Stewart,TN,6.8
40167,47163,Sullivan,TN,2.2
40183,47165,Sumner,TN,-2.8
40199,47167,Tipton,TN,2.6
40215,47169,Trousdale,TN,0.8
40231,47171,Unicoi,TN,9.2
40247,47173,Union,TN,10.4
40263,47175,Van Buren,TN,10.4
40279,47177,Warren,TN,-2.4
40295,47179,Washington,TN,2.8
40311,47181,Wayne,TN,0.0
40327,47183,Weakley,TN,-5.2
40343,47185,White,TN,4.4
40359,47187,Williamson,TN,-3.8
40375,47189,Wilson,TN,3.2
40391,48001,Anderson,TX,0.6
40407,48003,Andrews,TX,-3.0
40423,48005,Angelina,TX,-2.4
40439,48007,Aransas,TX,10.6
40455,48009,Archer,TX,2.0
40471,48011,Armstrong,TX,-7.8
40487,48013,Atascosa,TX,-5.0
40503,48015,Austin,TX,-5.6
40519,48017,Bailey,TX,-1.4
40535,48019,Bandera,TX,2.0
40551,48021,Bastrop,TX,1.6
40567,48023,Baylor,TX,9.6
40583,48025,Bee,TX,-3.8
40599,48027,Bell,TX,-6.6
40615,48029,Bexar,TX,1.0
40631,48031,Blanco,TX,6.0
40663,48035,Bosque,TX,-1.0
40679,48037,Bowie,TX,-4.2
40695,48039,Brazoria,TX,0.8
40711,48041,Brazos,TX,-3.2
40727,48043,Brewster,TX,7.8
40743,48045,Briscoe,TX,-1.2
40759,48047,Brooks,TX,3.8
40775,48049,Brown,TX,7.8
40791,48051,Burleson,TX,5.2
40807,48053,Burnet,TX,0.2
40823,48055,Caldwell,TX,-0.2
40839,48057,Calhoun,TX,4.0
40855,48059,Callahan,TX,0.0
40871,48061,Cameron,TX,0.4
40887,48063,Camp,TX,5.0
40903,48065,Carson,TX,5.2
40919,48067,Cass,TX,2.6
40935,48069,Castro,TX,-2.4
40951,48071,Chambers,TX,7.0
40967,48073,Cherokee,TX,2.4
40983,48075,Childress,TX,-1.4
40999,48077,Clay,TX,3.2
41015,48079,Cochran,TX,1.8
41031,48081,Coke,TX,-4.2
41047,48083,Coleman,TX,4.4
41063,48085,Collin,TX,-2.2
41079,48087,Collingsworth,TX,11.2
41095,48089,Colorado,TX,5.2
41111,48091,Comal,TX,5.0
41127,48093,Comanche,TX,-1.2
41143,48095,Concho,TX,-13.4
41159,48097,Cooke,TX,6.6
41175,48099,Coryell,TX,-6.8
41207,48105,Crockett,TX,-1.8
41223,48107,Crosby,TX,0.6
41239,48109,Culberson,TX,2.2
41255,48111,Dallam,TX,-4.6
41271,48113,Dallas,TX,1.4
41287,48115,Dawson,TX,-1.4
41303,48117,Deaf Smith,TX,0.0
41319,48119,Delta,TX,6.8
41335,48121,Denton,TX,-1.2
41351,48123,Dewitt,TX,-4.0
41367,48125,Dickens,TX,-14.2
41383,48127,Dimmit,TX,-0.2
41399,48129,Donley,TX,2.2
41415,48131,Duval,TX,-0.8
41431,48133,Eastland,TX,-2.0
41447,48135,Ector,TX,5.8
41463,48137,Edwards,TX,-13.8
41479,48139,Ellis,TX,-6.6
41495,48141,El Paso,TX,-0.2
41511,48143,Erath,TX,1.8
41527,48145,Falls,TX,1.8
41543,48147,Fannin,TX,2.2
41559,48149,Fayette,TX,-0.4
41575,48151,Fisher,TX,-4.4
41591,48153,Floyd,TX,0.0
41607,48155,Foard,TX,-7.2
41623,48157,Fort Bend,TX,-8.2
41639,48159,Franklin,TX,-4.0
41655,48161,Freestone,TX,2.8
41671,48163,Frio,TX,-1.6
41687,48165,Gaines,TX,-1.2
41703,48167,Galveston,TX,5.4
41719,48169,Garza,TX,-4.0
41735,48171,Gillespie,TX,-2.4
41767,48175,Goliad,TX,-3.4
41783,48177,Gonzales,TX,6.2
41799,48179,Gray,TX,1.8
41815,48181,Grayson,TX,0.4
41831,48183,Gregg,TX,-1.6
41847,48185,Grimes,TX,4.0
41863,48187,Guadalupe,TX,-7.2
41879,48189,Hale,TX,0.0
41895,48191,Hall,TX,0.4
41911,48193,Hamilton,TX,1.0
41927,48195,Hansford,TX,-0.6
41943,48197,Hardeman,TX,2.2
41959,48199,Hardin,TX,5.2
41975,48201,Harris,TX,1.2
41991,48203,Harrison,TX,-3.4
42023,48207,Haskell,TX,4.2
42039,48209,Hays,TX,0.0
42055,48211,Hemphill,TX,2.0
42071,48213,Henderson,TX,-0.4
42087,48215,Hidalgo,TX,-3.6
42103,48217,Hill,TX,-1.2
42119,48219,Hockley,TX,-2.0
42135,48221,Hood,TX,-0.8
42151,48223,Hopkins,TX,3.0
42167,48225,Houston,TX,4.0
42183,48227,Howard,TX,-0.6
42215,48231,Hunt,TX,1.4
42231,48233,Hutchinson,TX,5.8
42247,48235,Irion,TX,-10.2
42263,48237,Jack,TX,4.4
42279,48239,Jackson,TX,-1.6
42295,48241,Jasper,TX,-2.2
42311,48243,Jeff Davis,TX,3.2
42327,48245,Jefferson,TX,1.8
42343,48247,Jim Hogg,TX,-10.4
42359,48249,Jim Wells,TX,-1.0
42375,48251,Johnson,TX,-1.4
42391,48253,Jones,TX,-1.0
42407,48255,Karnes,TX,-6.8
42423,48257,Kaufman,TX,-2.6
42439,48259,Kendall,TX,1.8
42487,48265,Kerr,TX,1.6
42503,48267,Kimble,TX,3.0
42535,48271,Kinney,TX,-9.0
42551,48273,Kleberg,TX,1.4
42567,48275,Knox,TX,-2.0
42583,48277,Lamar,TX,-0.8
42599,48279,Lamb,TX,1.2
42615,48281,Lampasas,TX,-2.0
42631,48283,La Salle,TX,-4.4
42647,48285,Lavaca,TX,2.8
42663,48287,Lee,TX,2.8
42679,48289,Leon,TX,5.2
42695,48291,Liberty,TX,6.8
42711,48293,Limestone,TX,5.0
42743,48297,Live Oak,TX,-5.2
42759,48299,Llano,TX,7.6
42791,48303,Lubbock,TX,-2.0
42807,48305,Lynn,TX,-8.8
42823,48307,Mcculloch,TX,4.6
42839,48309,Mclennan,TX,-5.8
42871,48313,Madison,TX,1.4
42887,48315,Marion,TX,3.2
42919,48319,Mason,TX,-2.4
42935,48321,Matagorda,TX,-0.4
42951,48323,Maverick,TX,-4.2
42967,48325,Medina,TX,-10.8
42983,48327,Menard,TX,-6.2
42999,48329,Midland,TX,-1.0
43015,48331,Milam,TX,-4.4
43031,48333,Mills,TX,-2.8
43047,48335,Mitchell,TX,-1.8
43063,48337,Montague,TX,3.2
43079,48339,Montgomery,TX,2.2
43095,48341,Moore,TX,-5.6
43111,48343,Morris,TX,6.4
43127,48345,Motley,TX,2.8
43143,48347,Nacogdoches,TX,-4.2
43159,48349,Navarro,TX,0.2
43175,48351,Newton,TX,3.6
43191,48353,Nolan,TX,-0.8
43207,48355,Nueces,TX,-1.2
43223,48357,Ochiltree,TX,-0.6
43255,48361,Orange,TX,7.4
43271,48363,Palo Pinto,TX,-0.2
43287,48365,Panola,TX,3.0
43303,48367,Parker,TX,-1.2
43319,48369,Parmer,TX,1.8
43335,48371,Pecos,TX,-2.8
43351,48373,Polk,TX,4.8
43367,48375,Potter,TX,4.0
43383,48377,Presidio,TX,-4.8
43399,48379,Rains,TX,7.6
43415,48381,Randall,TX,-4.6
43431,48383,Reagan,TX,6.6
43447,48385,Real,TX,4.8
43463,48387,Red River,TX,4.2
43479,48389,Reeves,TX,6.2
43495,48391,Refugio,TX,1.8
43527,48395,Robertson,TX,1.2
43543,48397,Rockwall,TX,-5.6
43559,48399,Runnels,TX,-6.2
43575,48401,Rusk,TX,-3.4
43591,48403,Sabine,TX,13.2
43607,48405,San Augustine,TX,8.0
43623,48407,San Jacinto,TX,0.2
43639,48409,San Patricio,TX,-2.4
43655,48411,San Saba,TX,3.0
43687,48415,Scurry,TX,3.4
43703,48417,Shackelford,TX,-7.4
43719,48419,Shelby,TX,1.8
43735,48421,Sherman,TX,6.8
43751,48423,Smith,TX,-5.6
43767,48425,Somervell,TX,3.2
43783,48427,Starr,TX,-4.8
43799,48429,Stephens,TX,0.6
43831,48433,Stonewall,TX,-3.4
43847,48435,Sutton,TX,7.6
43863,48437,Swisher,TX,-0.8
43879,48439,Tarrant,TX,0.8
43895,48441,Taylor,TX,0.6
43927,48445,Terry,TX,-2.2
43943,48447,Throckmorton,TX,1.2
43959,48449,Titus,TX,-2.4
43975,48451,Tom Green,TX,0.8
43991,48453,Travis,TX,-1.4
44007,48455,Trinity,TX,1.8
44023,48457,Tyler,TX,7.0
44039,48459,Upshur,TX,3.2
44055,48461,Upton,TX,-9.2
44071,48463,Uvalde,TX,1.4
44087,48465,Val Verde,TX,-3.4
44103,48467,Van Zandt,TX,6.6
44119,48469,Victoria,TX,-1.4
44135,48471,Walker,TX,-4.2
44151,48473,Waller,TX,-1.0
44167,48475,Ward,TX,1.0
44183,48477,Washington,TX,0.0
44199,48479,Webb,TX,1.2
44215,48481,Wharton,TX,-1.0
44231,48483,Wheeler,TX,9.8
44247,48485,Wichita,TX,7.2
44263,48487,Wilbarger,TX,5.4
44279,48489,Willacy,TX,-1.4
44295,48491,Williamson,TX,-5.2
44311,48493,Wilson,TX,-3.8
44327,48495,Winkler,TX,3.8
44343,48497,Wise,TX,-0.2
44359,48499,Wood,TX,6.0
44375,48501,Yoakum,TX,0.4
44391,48503,Young,TX,5.0
44407,48505,Zapata,TX,2.4
44423,48507,Zavala,TX,4.6
44439,49001,Beaver,UT,0.4
44455,49003,Box Elder,UT,3.2
44471,49005,Cache,UT,-0.4
44487,49007,Carbon,UT,0.6
44503,49009,Daggett,UT,-4.2
44519,49011,Davis,UT,2.8
44535,49013,Duchesne,UT,7.8
44551,49015,Emery,UT,5.8
44567,49017,Garfield,UT,-1.4
44583,49019,Grand,UT,0.0
44599,49025,Kane,UT,0.4
44615,49027,Millard,UT,0.2
44631,49029,Morgan,UT,8.8
44663,49033,Rich,UT,4.0
44679,49035,Salt Lake,UT,1.2
44695,49037,San Juan,UT,-8.4
44711,49039,Sanpete,UT,1.8
44727,49041,Sevier,UT,2.2
44743,49043,Summit,UT,-2.6
44759,49045,Tooele,UT,4.2
44775,49047,Uintah,UT,5.6
44791,49049,Utah,UT,4.4
44807,49051,Wasatch,UT,4.8
44823,49053,Washington,UT,2.6
44855,49057,Weber,UT,6.8
44871,50001,Addison,VT,3.4
44887,50003,Bennington,VT,4.6
44903,50005,Caledonia,VT,0.2
44919,50007,Chittenden,VT,-1.8
44935,50009,Essex,VT,7.0
44951,50011,Franklin,VT,1.2
44967,50013,Grand Isle,VT,-4.0
44983,50015,Lamoille,VT,-3.6
44999,50017,Orange,VT,3.4
45015,50019,Orleans,VT,1.2
45031,50021,Rutland,VT,3.4
45047,50023,Washington,VT,5.0
45063,50025,Windham,VT,1.0
45079,50027,Windsor,VT,0.0
45095,51001,Accomack,VA,1.2
45111,51003,Albemarle,VA,-3.6
45127,51005,Alleghany,VA,3.4
45143,51007,Amelia,VA,1.8
45159,51009,Amherst,VA,0.8
45175,51011,Appomattox,VA,-5.4
45191,51013,Arlington,VA,-3.6
45207,51015,Augusta,VA,-5.6
45223,51017,Bath,VA,-1.6
45239,51019,Bedford,VA,2.6
45255,51021,Bland,VA,6.0
45271,51023,Botetourt,VA,7.6
45287,51025,Brunswick,VA,-3.2
45303,51027,Buchanan,VA,3.8
45319,51029,Buckingham,VA,-0.6
45335,51031,Campbell,VA,-0.2
45351,51033,Caroline,VA,2.6
45367,51035,Carroll,VA,3.2
45383,51036,Charles City,VA,-1.2
45399,51037,Charlotte,VA,1.4
45415,51041,Chesterfield,VA,-1.0
45431,51043,Clarke,VA,5.2
45447,51045,Craig,VA,7.0
45463,51047,Culpeper,VA,1.0
45479,51049,Cumberland,VA,0.6
45495,51051,Dickenson,VA,0.2
45511,51053,Dinwiddie,VA,-2.4
45527,51057,Essex,VA,4.0
45543,51059,Fairfax,VA,-2.0
45559,51061,Fauquier,VA,-0.6
45575,51063,Floyd,VA,4.2
45591,51065,Fluvanna,VA,-4.6
45607,51067,Franklin,VA,0.4
45623,51069,Frederick,VA,0.6
45639,51071,Giles,VA,2.2
45655,51073,Gloucester,VA,-0.4
45671,51075,Goochland,VA,2.8
45687,51077,Grayson,VA,3.2
45703,51079,Greene,VA,-0.6
45735,51083,Halifax,VA,3.4
45751,51085,Hanover,VA,-5.2
45767,51087,Henrico,VA,1.0
45783,51089,Henry,VA,7.2
45799,51091,Highland,VA,1.8
45815,51093,Isle Of Wight,VA,0.2
45831,51095,James City,VA,0.6
45847,51097,King And Queen,VA,1.2
45863,51099,King George,VA,-1.6
45879,51101,King William,VA,0.6
45895,51103,Lancaster,VA,6.0
45911,51105,Lee,VA,3.8
45927,51107,Loudoun,VA,-2.2
45943,51109,Louisa,VA,-2.0
45959,51111,Lunenburg,VA,-1.2
45975,51113,Madison,VA,-1.2
45991,51115,Mathews,VA,1.8
46007,51117,Mecklenburg,VA,0.0
46023,51119,Middlesex,VA,9.2
46039,51121,Montgomery,VA,2.2
46055,51125,Nelson,VA,1.8
46071,51127,New Kent,VA,-0.4
46087,51131,Northampton,VA,4.0
46103,51133,Northumberland,VA,3.0
46119,51135,Nottoway,VA,2.0
46135,51137,Orange,VA,1.8
46151,51139,Page,VA,1.8
46167,51141,Patrick,VA,3.8
46183,51143,Pittsylvania,VA,-3.2
46199,51145,Powhatan,VA,1.4
46215,51147,Prince Edward,VA,2.4
46231,51149,Prince George,VA,0.2
46247,51153,Prince William,VA,-1.4
46263,51155,Pulaski,VA,4.0
46279,51157,Rappahannock,VA,3.8
46295,51159,Richmond,VA,-0.6
46311,51161,Roanoke,VA,-0.4
46327,51163,Rockbridge,VA,0.8
46343,51165,Rockingham,VA,-4.8
46359,51167,Russell,VA,3.0
46375,51169,Scott,VA,-1.0
46391,51171,Shenandoah,VA,-3.6
46407,51173,Smyth,VA,4.4
46423,51175,Southampton,VA,-0.4
46439,51177,Spotsylvania,VA,1.0
46455,51179,Stafford,VA,-5.6
46471,51181,Surry,VA,0.6
46487,51183,Sussex,VA,-7.0
46503,51185,Tazewell,VA,9.0
46519,51187,Warren,VA,3.4
46535,51191,Washington,VA,5.6
46551,51193,Westmoreland,VA,4.4
46567,51195,Wise,VA,3.4
46583,51197,Wythe,VA,4.0
46599,51199,York,VA,-0.4
46615,51510,Alexandria City,VA,1.6
46646,51520,Bristol City,VA,8.2
46662,51530,Buena Vista City,VA,4.6
46678,51540,Charlottesville City,VA,1.0
46694,51550,Chesapeake City,VA,-2.4
46710,51570,Colonial Heights City,VA,4.2
46742,51590,Danville City,VA,3.8
46758,51595,Emporia City,VA,13.0
46790,51610,Falls Church City,VA,3.0
46806,51620,Franklin City,VA,0.0
46822,51630,Fredericksburg City,VA,3.6
46838,51640,Galax City,VA,8.6
46854,51650,Hampton City,VA,-2.6
46870,51660,Harrisonburg City,VA,-2.2
46886,51670,Hopewell City,VA,2.4
46902,51678,Lexington City,VA,6.2
46918,51680,Lynchburg City,VA,-5.2
46934,51683,Manassas City,VA,0.2
46982,51700,Newport News City,VA,-2.6
46998,51710,Norfolk City,VA,1.6
47014,51720,Norton City,VA,5.0
47030,51730,Petersburg City,VA,6.0
47046,51735,Poquoson City,VA,4.2
47062,51740,Portsmouth City,VA,2.2
47078,51750,Radford City,VA,7.2
47094,51760,Richmond City,VA,6.2
47110,51770,Roanoke City,VA,7.4
47126,51775,Salem City,VA,0.6
47142,51790,Staunton City,VA,1.4
47158,51800,Suffolk City,VA,0.0
47174,51810,Virginia Beach City,VA,-0.6
47190,51820,Waynesboro City,VA,4.8
47206,51830,Williamsburg City,VA,1.0
47222,51840,Winchester City,VA,5.0
47238,53001,Adams,WA,-7.2
47254,53003,Asotin,WA,4.0
47270,53005,Benton,WA,1.2
47286,53007,Chelan,WA,2.8
47302,53009,Clallam,WA,4.8
47318,53011,Clark,WA,4.2
47334,53013,Columbia,WA,5.8
47350,53015,Cowlitz,WA,5.4
47366,53017,Douglas,WA,2.6
47382,53019,Ferry,WA,1.2
47398,53021,Franklin,WA,-1.2
47414,53023,Garfield,WA,4.2
47430,53025,Grant,WA,4.0
47446,53027,Grays Harbor,WA,3.0
47462,53029,Island,WA,-1.0
47478,53031,Jefferson,WA,5.4
47494,53033,King,WA,3.4
47510,53035,Kitsap,WA,2.4
47526,53037,Kittitas,WA,-4.2
47542,53039,Klickitat,WA,-0.6
47558,53041,Lewis,WA,2.4
47574,53043,Lincoln,WA,1.8
47590,53045,Mason,WA,6.8
47606,53047,Okanogan,WA,-2.6
47622,53049,Pacific,WA,4.8
47638,53051,Pend Oreille,WA,1.6
47654,53053,Pierce,WA,0.4
47670,53055,San Juan,WA,2.8
47686,53057,Skagit,WA,3.0
47702,53059,Skamania,WA,6.6
47718,53061,Snohomish,WA,5.6
47734,53063,Spokane,WA,3.0
47750,53065,Stevens,WA,1.8
47766,53067,Thurston,WA,1.0
47782,53069,Wahkiakum,WA,3.8
47798,53071,Walla Walla,WA,0.8
47814,53073,Whatcom,WA,3.4
47830,53075,Whitman,WA,-2.4
47846,53077,Yakima,WA,-1.0
47862,54001,Barbour,WV,7.2
47878,54003,Berkeley,WV,5.2
47894,54005,Boone,WV,5.6
47910,54007,Braxton,WV,4.0
47926,54009,Brooke,WV,9.0
47942,54011,Cabell,WV,6.8
47958,54013,Calhoun,WV,7.0
47974,54015,Clay,WV,8.6
47990,54017,Doddridge,WV,10.4
48006,54019,Fayette,WV,5.2
48022,54021,Gilmer,WV,4.4
48038,54023,Grant,WV,-2.6
48054,54025,Greenbrier,WV,10.2
48070,54027,Hampshire,WV,5.0
48086,54029,Hancock,WV,3.2
48102,54031,Hardy,WV,2.6
48118,54033,Harrison,WV,6.4
48134,54035,Jackson,WV,0.6
48150,54037,Jefferson,WV,4.6
48166,54039,Kanawha,WV,1.6
48182,54041,Lewis,WV,5.0
48198,54043,Lincoln,WV,10.2
48214,54045,Logan,WV,6.4
48230,54047,Mcdowell,WV,0.0
48246,54049,Marion,WV,2.2
48262,54051,Marshall,WV,6.4
48278,54053,Mason,WV,2.8
48294,54055,Mercer,WV,5.8
48310,54057,Mineral,WV,8.6
48326,54059,Mingo,WV,10.4
48342,54061,Monongalia,WV,1.4
48358,54063,Monroe,WV,0.8
48374,54065,Morgan,WV,5.4
48390,54067,Nicholas,WV,4.6
48406,54069,Ohio,WV,6.2
48422,54071,Pendleton,WV,-2.0
48438,54073,Pleasants,WV,7.2
48454,54075,Pocahontas,WV,8.4
48470,54077,Preston,WV,4.4
48486,54079,Putnam,WV,2.6
48502,54081,Raleigh,WV,5.0
48518,54083,Randolph,WV,3.6
48534,54085,Ritchie,WV,0.6
48550,54087,Roane,WV,5.2
48566,54089,Summers,WV,7.8
48582,54091,Taylor,WV,-2.0
48598,54093,Tucker,WV,5.2
48614,54095,Tyler,WV,9.0
48630,54097,Upshur,WV,3.4
48646,54099,Wayne,WV,12.0
48662,54101,Webster,WV,9.4
48678,54103,Wetzel,WV,5.2
48694,54105,Wirt,WV,11.8
48710,54107,Wood,WV,2.0
48726,54109,Wyoming,WV,4.4
48742,55001,Adams,WI,7.6
48758,55003,Ashland,WI,8.6
48774,55005,Barron,WI,-1.8
48790,55007,Bayfield,WI,-1.6
48806,55009,Brown,WI,-1.6
48822,55011,Buffalo,WI,2.6
48838,55013,Burnett,WI,3.8
48854,55015,Calumet,WI,-3.6
48870,55017,Chippewa,WI,-4.6
48886,55019,Clark,WI,-5.8
48902,55021,Columbia,WI,0.4
48918,55023,Crawford,WI,-1.2
48934,55025,Dane,WI,-0.8
48950,55027,Dodge,WI,-4.2
48966,55029,Door,WI,0.0
48982,55031,Douglas,WI,0.0
48998,55033,Dunn,WI,-4.6
49014,55035,Eau Claire,WI,2.4
49030,55037,Florence,WI,-0.8
49046,55039,Fond Du Lac,WI,-3.6
49062,55041,Forest,WI,9.4
49078,55043,Grant,WI,-7.4
49094,55045,Green,WI,-3.2
49110,55047,Green Lake,WI,-5.4
49126,55049,Iowa,WI,-2.8
49142,55051,Iron,WI,6.8
49158,55053,Jackson,WI,-4.2
49174,55055,Jefferson,WI,-2.4
49190,55057,Juneau,WI,0.8
49206,55059,Kenosha,WI,5.8
49222,55061,Kewaunee,WI,0.6
49238,55063,La Crosse,WI,-0.2
49254,55065,Lafayette,WI,-1.8
49270,55067,Langlade,WI,-2.4
49286,55069,Lincoln,WI,0.2
49302,55071,Manitowoc,WI,-3.8
49318,55073,Marathon,WI,-5.4
49334,55075,Marinette,WI,-3.2
49350,55077,Marquette,WI,4.4
49366,55078,Menominee,WI,9.0
49382,55079,Milwaukee,WI,3.2
49398,55081,Monroe,WI,0.8
49414,55083,Oconto,WI,-7.0
49430,55085,Oneida,WI,0.8
49446,55087,Outagamie,WI,-6.4
49462,55089,Ozaukee,WI,-2.8
49478,55091,Pepin,WI,-4.8
49494,55093,Pierce,WI,-2.4
49510,55095,Polk,WI,-6.2
49526,55097,Portage,WI,-2.8
49542,55099,Price,WI,2.6
49558,55101,Racine,WI,1.2
49574,55103,Richland,WI,2.6
49590,55105,Rock,WI,-1.6
49606,55107,Rusk,WI,-4.8
49622,55109,St Croix,WI,-6.8
49638,55111,Sauk,WI,-1.2
49654,55113,Sawyer,WI,0.4
49670,55115,Shawano,WI,-5.6
49686,55117,Sheboygan,WI,2.2
49702,55119,Taylor,WI,-0.8
49718,55121,Trempealeau,WI,-3.4
49734,55123,Vernon,WI,-3.6
49750,55125,Vilas,WI,-0.8
49766,55127,Walworth,WI,3.0
49782,55129,Washburn,WI,-6.8
49798,55131,Washington,WI,0.8
49814,55133,Waukesha,WI,-1.2
49830,55135,Waupaca,WI,-8.0
49846,55137,Waushara,WI,-2.6
49862,55139,Winnebago,WI,1.6
49878,55141,Wood,WI,-0.4
49894,56001,Albany,WY,4.8
49910,56003,Big Horn,WY,3.4
49926,56005,Campbell,WY,-0.2
49942,56007,Carbon,WY,4.4
49958,56009,Converse,WY,-4.6
49974,56011,Crook,WY,3.4
49990,56013,Fremont,WY,4.4
50006,56015,Goshen,WY,6.6
50022,56017,Hot Springs,WY,7.4
50038,56019,Johnson,WY,3.0
50054,56021,Laramie,WY,4.0
50070,56023,Lincoln,WY,2.8
50086,56025,Natrona,WY,7.6
50102,56027,Niobrara,WY,4.2
50118,56029,Park,WY,1.2
50134,56031,Platte,WY,10.2
50150,56033,Sheridan,WY,-0.6
50166,56035,Sublette,WY,-0.2
50182,56037,Sweetwater,WY,0.4
50198,56039,Teton,WY,-4.6
50214,56041,Uinta,WY,2.2
50230,56043,Washakie,WY,0.8
50246,56045,Weston,WY,-1.2
